店名,網址,星級,評論,回復,地址
ABV Bar & Kitchen 加勒比海餐酒館 啤 酒餐廳 精釀啤 酒 加勒比海料理 南美洲料理,https://www.google.com.tw/maps/place/ABV+Bar+%26+Kitchen+%E5%8A%A0%E5%8B%92%E6%AF%94%E6%B5%B7%E9%A4%90%E9%85%92%E9%A4%A8+%E5%95%A4+%E9%85%92%E9%A4%90%E5%BB%B3+%E7%B2%BE%E9%87%80%E5%95%A4+%E9%85%92+%E5%8A%A0%E5%8B%92%E6%AF%94%E6%B5%B7%E6%96%99%E7%90%86+%E5%8D%97%E7%BE%8E%E6%B4%B2%E6%96%99%E7%90%86/data=!4m6!3m5!1s0x3442abc5e5cc8e03:0xa58081d43316cce4!8m2!3d25.0404828!4d121.5524223!16s%2Fg%2F11byyrr0kv?authuser=0&hl=zh-TW&rclk=1,4.4,1803,"['烤鱸魚好吃、咖啡黑皮酒燉牛肉口味濃郁下飯，啤酒選擇很多，是個小酌的好地方。 ', '服務親切、介紹客人啤酒種類很專業，很歡喜店裡的氣氛 ', '香蕉的甜味配上起司真的很棒很特別！豬肋排飯海鮮飯也都很大份很好吃喔～ ']",106台北市大安區敦化南路一段233巷61號
French Windows British Teahouse 琺蘭綺瑥朵英式茶餐館,https://www.google.com.tw/maps/place/French+Windows+British+Teahouse+%E7%90%BA%E8%98%AD%E7%B6%BA%E7%91%A5%E6%9C%B5%E8%8B%B1%E5%BC%8F%E8%8C%B6%E9%A4%90%E9%A4%A8/data=!4m6!3m5!1s0x3442abbbfeda0867:0x30f250fd1290f96b!8m2!3d25.0433253!4d121.5634186!16s%2Fg%2F1pzq600pk?authuser=0&hl=zh-TW&rclk=1,4.8,3518,"['老闆非常用心在經營，裡面的店員男的帥女的美，店內服務非常好，可比美五星飯店。 ', '服務人員很親切、貼心～主餐義大利麵、燉飯都好好吃！甜點鬆餅司康也很棒🤤 ', '一間難得氣氛佳、餐點用心，服務專業的餐廳，建議可以來個悠閒的下午茶時光 ']",110台北市信義區忠孝東路四段553巷22弄51-1號
JK STUDIO 新義法料理,https://www.google.com.tw/maps/place/JK+STUDIO+%E6%96%B0%E7%BE%A9%E6%B3%95%E6%96%99%E7%90%86/data=!4m6!3m5!1s0x3442abbc19ebcfcf:0x530bb9197daa5f0f!8m2!3d25.0428905!4d121.5662123!16s%2Fg%2F11cn5mr14m?authuser=0&hl=zh-TW&rclk=1,4.7,1631,"['飯(均加飯加麵)，餘選擇多道沙拉及開胃菜，上菜速度快，食材與口味都很好。 ', '海鮮燉飯料多實在蝦子非常甜美，牛小排份量十足價格親民，值得推薦的好餐廳 ', '上餐速度快，食物也好吃，氣氛環境都很棒，服務人員Nina的服務也很棒。 ']",110台北市信義區基隆路一段147巷5弄13號
艾朋牛排餐酒館 À POINT STEAK & BAR,https://www.google.com.tw/maps/place/%E8%89%BE%E6%9C%8B%E7%89%9B%E6%8E%92%E9%A4%90%E9%85%92%E9%A4%A8+%C3%80+POINT+STEAK+%26+BAR/data=!4m6!3m5!1s0x3442abbb86e23263:0x4bba0dfa5c756556!8m2!3d25.0412837!4d121.5678269!16s%2Fg%2F11gm952zgt?authuser=0&hl=zh-TW&rclk=1,4.6,4238,"['氣氛不錯，交通也很方便。五星評論送薯條，當月生日壽星套餐打8折，還送一個小蛋糕。 ', '街景美氣氛佳，服務好食材棒。真是高檔餐廳花得滿意。 ', '酥皮海鮮濃湯, 燻鮭魚蘿蔓沙拉,嫩肩牛排 口味符合預期 服務親切 用餐愉快 ']",110台北市信義區忠孝東路五段139號2樓
吉比鮮釀餐廳 - 信義店,https://www.google.com.tw/maps/place/%E5%90%89%E6%AF%94%E9%AE%AE%E9%87%80%E9%A4%90%E5%BB%B3+-+%E4%BF%A1%E7%BE%A9%E5%BA%97/data=!4m6!3m5!1s0x3442abb09ec78f7d:0x6e43fb375234ebc6!8m2!3d25.0371587!4d121.5671263!16s%2Fg%2F1pzq9ptln?authuser=0&hl=zh-TW&rclk=1,4.3,2781,"['其實美式餐廳，就是炸物，雞翅，BBQ,義大利麵，薯條，啤酒，餐點很多香料。 ', '鮭魚沙拉和雞肉比薩味道不錯，松露牛肉燉飯和牛肉丸前菜好吃 ', '再點了一次 牛排三明治 佐地瓜薯條 飯後甜品是胡蘿蔔蛋糕 怎麼可以這麼好吃😋 ']",110台北市信義區松壽路11號
HOOTERS美式餐廳 信義店,https://www.google.com.tw/maps/place/HOOTERS%E7%BE%8E%E5%BC%8F%E9%A4%90%E5%BB%B3+%E4%BF%A1%E7%BE%A9%E5%BA%97/data=!4m6!3m5!1s0x3442ab8cfd861c45:0x17985ef75e6b5b2d!8m2!3d25.0367179!4d121.5681308!16s%2Fg%2F11j5b4rz6g?authuser=0&hl=zh-TW&rclk=1,4.4,1249,"['奶油鮮蝦秀珍菇義大利麵超級好吃 什麼都好吃 牛肉漢堡 海鮮拼盤 蛤蠣濃湯也好喝！ ', '戶外區夜景很棒！服務人員非常熱情，餐點豐盛cp高，生日或節日有許多慶祝互動活動。 ', '咖啡茶無限續杯 起司蛋糕還蠻好吃的 骰子牛口味偏鹹比較有嚼勁 ']",110台北市信義區松仁路58號14樓
和牛47,https://www.google.com.tw/maps/place/%E5%92%8C%E7%89%9B47/data=!4m6!3m5!1s0x3442ab15769689fb:0x2d67917ec3f59725!8m2!3d25.0344547!4d121.5678798!16s%2Fg%2F11g__58z2t?authuser=0&hl=zh-TW&rclk=1,4.4,728,"['氣氛佳，餐點好吃，夜景很美，人員服務極優，推薦店員Jill。 ', '食材高級、服務人員親切專業，肉處理得恰到好處。裝潢舒適寬敞，景色優美。 ', '甜點部分清爽不甜膩，頗為驚艷，還有飯後茶咖啡可以選擇。 ']",110台北市信義區松仁路100號47樓
莫爾頓牛排館,https://www.google.com.tw/maps/place/%E8%8E%AB%E7%88%BE%E9%A0%93%E7%89%9B%E6%8E%92%E9%A4%A8/data=!4m6!3m5!1s0x3442abbb94cbb63d:0x696e95c68f5262ba!8m2!3d25.0405044!4d121.5668964!16s%2Fg%2F11cmfcnd5t?authuser=0&hl=zh-TW&rclk=1,4.1,2731,"['氣氛上佳，服務溫和周到 主菜菲力、海鮮味道熟度合宜 松露薯條與檸檬派稍嫌平凡 ', '珍寶蟹餅、龍蝦濃湯 、餐前麵包都很好吃,幸運坐在窗邊位置,夜景美氣氛佳! ', '這種服務態度比八方雲集水餃店還差，東西貴成這樣服務態度比夜市賣滷味還扯，扯到爆 ']",110台北市信義區忠孝東路五段68號45F
KiKi餐廳(信義誠品店),https://www.google.com.tw/maps/place/KiKi%E9%A4%90%E5%BB%B3(%E4%BF%A1%E7%BE%A9%E8%AA%A0%E5%93%81%E5%BA%97)/data=!4m6!3m5!1s0x3442abbbd465615f:0xd37a9ffbee37a241!8m2!3d25.039664!4d121.5657554!16s%2Fg%2F11g_vrls1?authuser=0&hl=zh-TW&rclk=1,4.2,1944,"['包廂低消6000元， 空間寬敞明亮 ，菜色以四川菜為主。口味佳，服務可。 ', '辣子雞丁 辣味擔擔麵 肉絲炒飯 老皮嫩肉 腐乳空心菜~~搭台啤~~ 讚啦~~ ', '推薦口水雞、水煮牛、蒼蠅頭和剝皮辣椒雞湯😋 ']",110台北市信義區松高路11號誠品生活商場 4樓
Thai J 泰式料理 台北信義ATT店,https://www.google.com.tw/maps/place/Thai+J+%E6%B3%B0%E5%BC%8F%E6%96%99%E7%90%86+%E5%8F%B0%E5%8C%97%E4%BF%A1%E7%BE%A9ATT%E5%BA%97/data=!4m6!3m5!1s0x3442abb0c96d7ee9:0xc737f2ae5eabc24!8m2!3d25.03531!4d121.5660665!16s%2Fg%2F11f38ykpny?authuser=0&hl=zh-TW&rclk=1,4.1,1801,"['餐點口味好吃，鳳梨炒飯，鹹蛋中卷，涼拌蝦筍，單點份量大，莓果思慕昔真材實料好好喝 ', '服務人員很好調酒師帥又有禮貌調酒好喝生日特調、長島冰茶、莫奇多、蜂蜜檸檬👍👍👍 ', '綠咖哩雞過於甜膩，青木瓜沙拉不夠脆口， 泰式炒麵的河粉過於軟爛。 ']",110台北市信義區松壽路12號號 10 樓
L’ATELIER de Joël Robuchon侯布雄法式餐廳,https://www.google.com.tw/maps/place/L%E2%80%99ATELIER+de+Jo%C3%ABl+Robuchon%E4%BE%AF%E5%B8%83%E9%9B%84%E6%B3%95%E5%BC%8F%E9%A4%90%E5%BB%B3/data=!4m6!3m5!1s0x3442abbba8fb7f31:0xfe9a2c13dc0092cb!8m2!3d25.0398624!4d121.5676195!16s%2Fg%2F1vyxg3cx?authuser=0&hl=zh-TW&rclk=1,4.2,1569,"['雙人下午茶甜點小巧可愛，布丁和巧克力蛋糕頗具功力，司康和小漢堡尚有進步空間。 ', '餐廳很美，服務員專業！伊比利豬好吃的像牛排！雞肉主菜香韌有彈性！ ', '環境非常好，菜色多樣，口味層次豐富，服務也到位，外籍的工作人員很風趣，超讚的。 ']",110台北市信義區松仁路28號5樓
勞瑞斯牛肋排餐廳,https://www.google.com.tw/maps/place/%E5%8B%9E%E7%91%9E%E6%96%AF%E7%89%9B%E8%82%8B%E6%8E%92%E9%A4%90%E5%BB%B3/data=!4m6!3m5!1s0x3442abb07fd6078f:0x98a81462e0871f0!8m2!3d25.039633!4d121.5678702!16s%2Fg%2F1tggr6p7?authuser=0&hl=zh-TW&rclk=1,4.2,2153,"['廚師直接現場切肉端上桌😀 服務很好 餐點也好吃 裝潢很美感覺來到城堡裡面👍🏻 ', '生日慶生，環境超優，很像電影場景，整體氣氛超讚，牛排和配菜也都很有特色，好吃！ ', '只有對外場服務感到印象深刻，主餐口味與擺盤不合個人喜好，肉品的溫度是很大的問題。 ']",110台北市信義區松仁路28號6樓
老乾杯 信義店,https://www.google.com.tw/maps/place/%E8%80%81%E4%B9%BE%E6%9D%AF+%E4%BF%A1%E7%BE%A9%E5%BA%97/data=!4m6!3m5!1s0x3442abb0a47226ad:0x90d88d2120616327!8m2!3d25.0365352!4d121.5667157!16s%2Fg%2F1tfb4810?authuser=0&hl=zh-TW&rclk=1,4.2,1462,"['裝潢設計的很好！牛肉、豬肉雞肉的肉質都非常鮮美，服務人員很親切客氣！ ', '套餐還搭配了海鮮雙拼（兩隻大蝦及魷魚），蔬菜拼盤（馬鈴薯、香菇、節瓜）。 ', '包廂門不關 吃個飯 吵得整間店都他們的聲音 一間店搞的像熱炒店一樣 越吃越賭爛 ']",110台北市信義區松壽路9號新光三越 A9 館8樓
饗食天堂 台北信義店,https://www.google.com.tw/maps/place/%E9%A5%97%E9%A3%9F%E5%A4%A9%E5%A0%82+%E5%8F%B0%E5%8C%97%E4%BF%A1%E7%BE%A9%E5%BA%97/data=!4m6!3m5!1s0x3442abb0b0c4fc8d:0xfe03d89700dc455!8m2!3d25.03531!4d121.5660665!16s%2Fg%2F11h03r221?authuser=0&hl=zh-TW&rclk=1,4.2,3966,"['鹽烤魚下巴、鹽烤鮭魚骨、牛排、自然豬、饗樂骨、松露野菇燉飯都好吃！柳橙汁不錯喝！ ', '冷盤、生鮮、熟食、碳烤、甜點、飲料等都菜色符合價位品質。 ', '推薦飲料和紅豆抹茶冰😂 餐廳氣氛不錯，多給一顆星～ ']",110台北市信義區松壽路12號ATT 4 FUN百貨6樓
樂軒松阪亭,https://www.google.com.tw/maps/place/%E6%A8%82%E8%BB%92%E6%9D%BE%E9%98%AA%E4%BA%AD/data=!4m6!3m5!1s0x3442ab749825aa2f:0xb1a72e3b4e20e2d!8m2!3d25.0395654!4d121.5666828!16s%2Fg%2F11f5w40y3h?authuser=0&hl=zh-TW&rclk=1,4.8,2331,"['關西壽喜燒好吃，肉嫩食材多樣式，服務ㄧ級棒又好聊(Jin👍)，有機會再來吃燒肉～ ', '桌邊服務給人感覺很放鬆 服務員親戚且專業的介紹肉品 和牛好吃 推薦Ting👍 ', '🥩烤肉菜色變化豐富、肉質也好吃，也不會有高級餐廳的緊張感，與客戶度過愉快的晚餐 ']",110台北市信義區松高路19號
寬巷子鍋品美食 微風信義店,https://www.google.com.tw/maps/place/%E5%AF%AC%E5%B7%B7%E5%AD%90%E9%8D%8B%E5%93%81%E7%BE%8E%E9%A3%9F+%E5%BE%AE%E9%A2%A8%E4%BF%A1%E7%BE%A9%E5%BA%97/data=!4m6!3m5!1s0x3442abbb94bbee3b:0xff80aeb28966080b!8m2!3d25.0405444!4d121.5667909!16s%2Fg%2F11cmn7tnkn?authuser=0&hl=zh-TW&rclk=1,4.7,2808,"['裝潢古色古香氣氛佳，食材擺盤很用心，豆腐口感很特別，服務人員很棒。 ', '湯頭：四川麻辣，與豚骨。覺得寬巷子設計菜單和菜品真的非常專業和有特色。 ', '食物非常的好吃，餐廳的服務也很好，很適合帶外國旅客來嘗試台灣的火鍋👍 ']",110台北市信義區忠孝東路五段68號
涓豆腐 ATT信義店,https://www.google.com.tw/maps/place/%E6%B6%93%E8%B1%86%E8%85%90+ATT%E4%BF%A1%E7%BE%A9%E5%BA%97/data=!4m6!3m5!1s0x3442abb0b6348785:0xb88b1ff06017e9db!8m2!3d25.03531!4d121.5660665!16s%2Fg%2F11byxg3hlr?authuser=0&hl=zh-TW&rclk=1,4.2,1378,"['小菜美味無限續，鍋物湯頭好，豆腐滑嫩，泡菜鍋普通，牡蠣鍋新鮮美味，飯後甜點中上。 ', '韓式炸雞雷，辣年糕超讚，豆腐湯也棒。海鮮餅尚可，整體是可接受的 ', '人參雞湯好吃 小菜好吃 炸豆腐好吃 豆花不行、飲料沒有無糖選項，很甜很膩 ']",110台北市信義區松壽路12號ATT 4 FUN5樓
樂天皇朝 信義店,https://www.google.com.tw/maps/place/%E6%A8%82%E5%A4%A9%E7%9A%87%E6%9C%9D+%E4%BF%A1%E7%BE%A9%E5%BA%97/data=!4m6!3m5!1s0x3442abbb94cbb63d:0x19b585e28120872c!8m2!3d25.040682!4d121.5669646!16s%2Fg%2F11cnwdkmbv?authuser=0&hl=zh-TW&rclk=1,4.2,1904,"['推薦原味小籠包、菜肉雲吞豬骨湯、蘿蔔絲餅、馬蹄水 ', '花了480吃了一個難吃的割包，現場主管工作人員也完全在狀況外，不會再選擇此餐廳。 ', '好吃，服務很好，水煮魚 北京炒豆腐，蒜味拉麵，很讚 ']","號4樓, No. 68忠孝東路五段信義區台北市110"
Chili's Grill & Bar美式休閒餐廳-信義店 (Xinyi),https://www.google.com.tw/maps/place/Chili's+Grill+%26+Bar%E7%BE%8E%E5%BC%8F%E4%BC%91%E9%96%92%E9%A4%90%E5%BB%B3-%E4%BF%A1%E7%BE%A9%E5%BA%97+(Xinyi)/data=!4m6!3m5!1s0x3442a97765c87641:0xfff90118bb559732!8m2!3d25.0355335!4d121.5677574!16s%2Fg%2F1thl33f4?authuser=0&hl=zh-TW&rclk=1,4.5,1900,"['洋蔥圈份量超多，CP值超高，氣氛很好，服務生服務超好，態度很棒 ', '水牛城辣味雞胸堡有點鹹不辣 薯條、濃湯、玉米脆餅 好吃😋 服務人員讚讚👍🏻 ', '就是一個普通的美式餐廳，雞翅料理恰當，墨西哥捲餅口味好吃，漢堡就蠻普通的。 ']",110台北市信義區松壽路22號
教父牛排 Top Cap Steakhouse,https://www.google.com.tw/maps/place/%E6%95%99%E7%88%B6%E7%89%9B%E6%8E%92+Top+Cap+Steakhouse/data=!4m6!3m5!1s0x3442abbbb609d58f:0x75fc75f0814f0982!8m2!3d25.0396539!4d121.5667018!16s%2Fg%2F11b7gq4qlr?authuser=0&hl=zh-TW&rclk=1,4.1,1346,"['菜推紅酒洋蔥，甜點推薦起司水果塔，服務很棒，倒酒水的服務員很有氣質。 ', '新光分店偏向家庭氣氛 店內稍微吵雜 想吃牛肉還是很適合 日本A5和牛口感佳 ', '服務生可能生意好太忙，上菜時臉臭臭的，食物依舊不錯，但服務扣分，從五星減為四星。 ']",110台北市信義區松高路19號
INPARADISE 饗饗,https://www.google.com.tw/maps/place/INPARADISE+%E9%A5%97%E9%A5%97/data=!4m6!3m5!1s0x3442abbbeadeeae9:0x78dbb9243e9c680a!8m2!3d25.040512!4d121.567154!16s%2Fg%2F11g8fl1vjd?authuser=0&hl=zh-TW&rclk=1,4.3,7771,"['蛤蜊湯 蒸蛋 必點 豬肉串 烤魚下巴 牛肉包番茄串 鮭魚肚壽司 鮑魚粥 好吃 ', '食材區分類清楚，食物料理高檔，新鮮，五星級飯店餐廳價位，靠窗位景觀佳，四星推薦。 ', '沙拉菜色豐富，生魚片種類繁多還有西式羊肋排炸物烤物甜點吃到飽到不行。。好吃 ']",110台北市信義區忠孝東路五段68號微風信義46樓
醐同燒肉夜食-胡同燒肉5號店,https://www.google.com.tw/maps/place/%E9%86%90%E5%90%8C%E7%87%92%E8%82%89%E5%A4%9C%E9%A3%9F-%E8%83%A1%E5%90%8C%E7%87%92%E8%82%895%E8%99%9F%E5%BA%97/data=!4m6!3m5!1s0x3442abb0844fc4f5:0x33081531fa0e86d5!8m2!3d25.0355169!4d121.567918!16s%2Fg%2F1tgpkqtd?authuser=0&hl=zh-TW&rclk=1,4.1,793,"['台北數一數二的燒肉店，一定要坐吧台讓專業的店員幫忙烤，肉質極佳cp值高 ', '東西好吃 食材新鮮 推薦和牛牛小排 和牛菲力 澎湖大草蝦 ', '這是我覺得全台灣CP值最高的燒肉店了！肉品 服務 氛圍 ']",110台北市信義區松壽路22號2樓
隨意鳥地方101觀景餐廳,https://www.google.com.tw/maps/place/%E9%9A%A8%E6%84%8F%E9%B3%A5%E5%9C%B0%E6%96%B9101%E8%A7%80%E6%99%AF%E9%A4%90%E5%BB%B3/data=!4m6!3m5!1s0x3442abb6e9d92dd5:0x46367a0207787752!8m2!3d25.0335715!4d121.5649428!16s%2Fg%2F1pzs84s52?authuser=0&hl=zh-TW&rclk=1,4.1,3145,"['橄欖油蒜味辣椒海鮮細圓麵很好吃，栗子南瓜很喜歡，環境服務都不錯 ', '吃氣氛的，看夜景（天氣好才看得到） 所有窗邊位子可請服務人員換座位 餐點一般般 ', '菜色多樣，食材新鮮，景觀更是美，廁所還是用玻璃，邊上廁所邊享受風景🤣🤣🤣 ']",110台北市信義區信義路五段7號85F
台北君悅酒店 ZIGA ZAGA,https://www.google.com.tw/maps/place/%E5%8F%B0%E5%8C%97%E5%90%9B%E6%82%85%E9%85%92%E5%BA%97+ZIGA+ZAGA/data=!4m6!3m5!1s0x3442abb7a75a2dc9:0x8ed184b19b2cb270!8m2!3d25.0353371!4d121.5631414!16s%2Fg%2F1hc34lwvl?authuser=0&hl=zh-TW&rclk=1,4.2,798,"['是水牛乳酪沙拉、虎蝦烏魚子雞蛋麵、義大利餃雞湯、墨魚燉飯、提拉米蘇、卡諾里。 ', '環境氣氛不錯，半開放式包廂空間舒適，菜色還可以但CP值不高，比較適合來喝咖啡☕️ ', '地點超棒，停車方便，如旅館車位滿可停對面府前廣場地下停車場 ']",110台北市信義區松壽路2號
旭集 和食集錦 信義店,https://www.google.com.tw/maps/place/%E6%97%AD%E9%9B%86+%E5%92%8C%E9%A3%9F%E9%9B%86%E9%8C%A6+%E4%BF%A1%E7%BE%A9%E5%BA%97/data=!4m6!3m5!1s0x34429fa77fff67a3:0x2e0586ed07ea419!8m2!3d25.0367178!4d121.5679135!16s%2Fg%2F11j1hjktyh?authuser=0&hl=zh-TW&rclk=1,4.2,3660,"['用餐環境不錯，海鮮與生魚片料理蠻多，飲料咖啡有現做的👍甜點、冰淇淋樣式較少～ ', '取食動線過長，調酒沒有酒味，人型燒內餡少，蛋糕份量可以再小。食物新鮮，服務態度佳 ', '激推的單品：濃抹茶冰淇淋、抹茶生乳捲、炸蝦、炸胡麻豆腐、大蚵蛤湯、柚子蘿蔔片。 ']",110台北市信義區松仁路58號信義A13 大遠百 9樓
Beef King 信義旗艦店,https://www.google.com.tw/maps/place/Beef+King+%E4%BF%A1%E7%BE%A9%E6%97%97%E8%89%A6%E5%BA%97/data=!4m6!3m5!1s0x3442abcba746e18b:0x7dccf28b781da4ec!8m2!3d25.035332!4d121.5659537!16s%2Fg%2F11h0tb9ytw?authuser=0&hl=zh-TW&rclk=1,4.4,1196,"['裝潢華麗，座位舒適，店員很親切熱情。食材還行，湯頭很快變鹹，沒有辣味和香味。 ', '服務人員專業，晚上坐靠窗的夜景很美，套餐肉質很棒，整體都很棒 ', '環境寬敞舒適，和牛涮麻辣和白鍋都好吃，雞肉豬肉和海鮮的品質也很不錯！ ']",110台北市信義區松壽路12號10樓之2
史密斯華倫斯基牛排館 Smith & Wollensky Taipei,https://www.google.com.tw/maps/place/%E5%8F%B2%E5%AF%86%E6%96%AF%E8%8F%AF%E5%80%AB%E6%96%AF%E5%9F%BA%E7%89%9B%E6%8E%92%E9%A4%A8+Smith+%26+Wollensky+Taipei/data=!4m6!3m5!1s0x3442abefec0a2d11:0xb705f1a4ba92d51f!8m2!3d25.0342883!4d121.5673522!16s%2Fg%2F11gxxzwdq0?authuser=0&hl=zh-TW&rclk=1,4.3,2669,"['景觀不錯居高臨下生日聚餐好地方 海膽牛排暴怒蝦搭磨菇湯綜合果汁棒極了 ', '推薦乾式熟成帶骨肋眼以及巧克力蛋糕，以信義區夜景搭配美食，氣氛很讚！ ', '服務熱情溫暖，會認真介紹菜色，餐廳環境舒適景很美。 ']",110台北市信義區松智路17號47F
海底撈火鍋 信義店,https://www.google.com.tw/maps/place/%E6%B5%B7%E5%BA%95%E6%92%88%E7%81%AB%E9%8D%8B+%E4%BF%A1%E7%BE%A9%E5%BA%97/data=!4m6!3m5!1s0x3442abd6a99a9a67:0x1e2ecd843db87306!8m2!3d25.03531!4d121.5660665!16s%2Fg%2F11fj479qn0?authuser=0&hl=zh-TW&rclk=1,4.5,3110,"['每桌都有專業的員工服務 👍。火鍋有特色， 餐點後有機器人送餐。 ', '1.豬肚湯底口感接近韓國的雪濃湯.湯裡有藥材.雞肉塊跟厚實的豬肚切片！ ', '鍋底部分牛油普普通通，酸菜好喝但意外的滿辣的，也有點油，但加拉麵道是真不錯！ ']",110台北市信義區松壽路12號6樓
鶿克米 TSUKUMI,https://www.google.com.tw/maps/place/%E9%B6%BF%E5%85%8B%E7%B1%B3+TSUKUMI/data=!4m6!3m5!1s0x3442abbbc20d671d:0xc27e3ed0712a8954!8m2!3d25.0405667!4d121.5669347!16s%2Fg%2F11cmxy188b?authuser=0&hl=zh-TW&rclk=1,4.1,811,"['餐點精緻好吃但性價比普通，座位空間舒適但服務員人數略少，上菜與服務略有不足。 ', '對幼兒很友善，幼兒無須點餐也有附贈白飯海苔和味噌湯，飯後甜點也有小朋友的份。 ', '各種日式套餐口味不錯，份量夠，用餐環境佳。推薦酥炸竹莢魚。 ']",110台北市信義區忠孝東路五段68號 4樓
合.shabu,https://www.google.com.tw/maps/place/%E5%90%88.shabu/data=!4m6!3m5!1s0x3442abbba86a7507:0x95ef4330b5c63da!8m2!3d25.0396219!4d121.567641!16s%2Fg%2F11g_2phpj?authuser=0&hl=zh-TW&rclk=1,4.6,3069,"['火鍋料的配菜不外乎就是，菜、豆腐、香菇、玉米、肉丸、番茄、南瓜...等等。 ', '景觀、餐廳氣氛很好～一上位服務人員馬上倒茶、上熱毛巾。介紹餐點也很仔細。 ', '包廂很舒適, 帶家人一起享用美食 桌邊服務很好, 海鮮新鮮 湯頭很棒 ']",110台北市信義區松仁路28號
台北君悅酒店 凱菲屋 Café,https://www.google.com.tw/maps/place/%E5%8F%B0%E5%8C%97%E5%90%9B%E6%82%85%E9%85%92%E5%BA%97+%E5%87%B1%E8%8F%B2%E5%B1%8B+Caf%C3%A9/data=!4m6!3m5!1s0x3442abb7a7382081:0xe7fb508e2f04c968!8m2!3d25.0351102!4d121.5621894!16s%2Fg%2F1q64qphps?authuser=0&hl=zh-TW&rclk=1,4.1,4194,"['印度烤餅以及咖哩是一特色，甜點賣相不錯，水果與果汁種類不多。燒烤肉類一般水準。 ', '像是海鮮只有淡菜跟生魚片，不求有螃蟹，連蝦都沒，壽司只有花壽司類，沒生魚握壽司。 ', '今天吃的唯一推薦 牛排/羊排/松露飯/魚湯 HD冰淇淋/巧克力片 提供參考 ']",110台北市信義區松壽路2號1樓
燒肉中山｜台北信義店,https://www.google.com.tw/maps/place/%E7%87%92%E8%82%89%E4%B8%AD%E5%B1%B1%EF%BD%9C%E5%8F%B0%E5%8C%97%E4%BF%A1%E7%BE%A9%E5%BA%97/data=!4m6!3m5!1s0x3442ab0bddfa363d:0x9e5e850da0bd29d2!8m2!3d25.03531!4d121.5660665!16s%2Fg%2F11j2nl4fr8?authuser=0&hl=zh-TW&rclk=1,4.6,1606,"['食材部分，個人對獅子頭湯及部分肉品（如醃製檸檬豬）不是很滿意，口味有點過鹹。 ', '雙人牛肉套餐1980，牛肉普普通通，豬肉比較好吃，最喜歡凱撒沙拉，無酒精奶油啤酒 ', '一人平均消費2000，風景裝潢不錯，肉好吃，感受得到服務員太忙沒辦法照顧到每桌 ']",11051台北市信義區松壽路12號10樓
瓦城泰國料理 - 台北三越信義店,https://www.google.com.tw/maps/place/%E7%93%A6%E5%9F%8E%E6%B3%B0%E5%9C%8B%E6%96%99%E7%90%86+-+%E5%8F%B0%E5%8C%97%E4%B8%89%E8%B6%8A%E4%BF%A1%E7%BE%A9%E5%BA%97/data=!4m6!3m5!1s0x3442abb0a4722229:0x4c445651e4bfad0d!8m2!3d25.0366706!4d121.5667018!16s%2Fg%2F1tfzdg80?authuser=0&hl=zh-TW&rclk=1,4.2,699,"['咖哩雞、泰式炒河粉、酸辣公仔麵聽網友推薦的點這些，還不錯 ', '口味適合台灣人的泰國菜，酸辣剛剛好，甜品飲料(西米露，泰式奶茶)都非常棒 ', '超讚的open包廂！很適合家庭或朋友聚會～ 食物跟服務都很棒 👍 ']",110台北市信義區松壽路9號
1010 Hunan Cuisine Eslite Xinyi Restaurant,https://www.google.com.tw/maps/place/1010+Hunan+Cuisine+Eslite+Xinyi+Restaurant/data=!4m6!3m5!1s0x3442abbbd49806cb:0x4ac814615eaf6055!8m2!3d25.0397197!4d121.5658739!16s%2Fg%2F1v_skyyg?authuser=0&hl=zh-TW&rclk=1,4.3,1012,"['這算是我們家庭聚會點擊率很高的餐廳，必吃1號魚頭、孜然排骨、滷肉、泡菜粉絲牛肉😋 ', '餐點很棒 服務有待改善 飲料做錯連個道歉也沒有 而且還是現場主管 態度有些傲慢。 ', '上菜速度快，口味都很下飯，五人套餐五大兩小吃很撐，飲品好喝，甜點需要再加強 ']",110台北市信義區松高路11號6樓
三井cuisine M,https://www.google.com.tw/maps/place/%E4%B8%89%E4%BA%95cuisine+M/data=!4m6!3m5!1s0x3442abba290beacd:0x3888052f8882411!8m2!3d25.0385722!4d121.5662876!16s%2Fg%2F1tf5hbh5?authuser=0&hl=zh-TW&rclk=1,4.2,1125,"['散壽司海鮮丼套餐是午餐限定的好選擇 料多實在 還附有飲料及甜點或冰淇淋 ', '料理新鮮美味，食材等級似乎較總店高一級，餐後有供美式咖啡，空間挑高舒適。 ', '氣氛棒、服務與餐點都一流，台北日本料理的翹楚 ']",110台北市信義區松智路1號
Just Grill,https://www.google.com.tw/maps/place/Just+Grill/data=!4m6!3m5!1s0x3442abbbd4368d49:0xcf609415fc31e327!8m2!3d25.0397197!4d121.5658739!16s%2Fg%2F11cjpb90v7?authuser=0&hl=zh-TW&rclk=1,4.3,1676,"['主餐好吃，沙拉吧的食材都很新鮮，補貨的速度也很快，服務、用餐氣氛跟景色都很棒。 ', '在誠品信義店六樓，新鮮的生菜沙拉吃到飽，牛肉品質很棒！ ', '龍蝦濃湯味道很濃郁，裡面還有些許蝦肉，沾湯配著麵包（還是算炸饅頭？）也非常適合！ ']",110台北市信義區松高路11號誠品信義旗艦店6F
MAiSEN 邁泉豬排信義新光 A9,https://www.google.com.tw/maps/place/MAiSEN+%E9%82%81%E6%B3%89%E8%B1%AC%E6%8E%92%E4%BF%A1%E7%BE%A9%E6%96%B0%E5%85%89+A9/data=!4m6!3m5!1s0x3442abb0a47226ad:0x3f68458bb79d6d32!8m2!3d25.0360125!4d121.5665906!16s%2Fg%2F11c1lw0rk0?authuser=0&hl=zh-TW&rclk=1,4.3,1270,"['菜單260元起就有套餐和丼飯。有沙拉、可樂餅、飲料、點心等可以單點。 ', '豬排餐點本身不錯 但外場服務該多加強 帶位跟收餐的速度慢 結帳時，錢還算錯.... ', '很適合和朋友同事家人，服務親切，口感略偏鹹些，整體不錯，地點佳，電梯口 ']",110台北市信義區松壽路9號6樓
泰集Thai Bazaar-微風信義店/寵物友善,https://www.google.com.tw/maps/place/%E6%B3%B0%E9%9B%86Thai+Bazaar-%E5%BE%AE%E9%A2%A8%E4%BF%A1%E7%BE%A9%E5%BA%97%2F%E5%AF%B5%E7%89%A9%E5%8F%8B%E5%96%84/data=!4m6!3m5!1s0x3442abbb94cbb63d:0x515c23f3a15ad278!8m2!3d25.0405044!4d121.5668964!16s%2Fg%2F11cltvn48z?authuser=0&hl=zh-TW&rclk=1,4.5,2224,"['用餐舒適，餐點CP值高。月亮蝦餅內餡蝦肉厚。咖啡雞的雞肉不是片狀。值得推薦。 ', '不推薦。菜色都沒到味，感覺像偏鹹的夜市熱炒店，建議要吃泰式料理還是選別家吧。 ', '辣海鮮清湯、綠咖喱嫩雞、南瓜咖哩牛腩、泰北豬肉鍋巴、月亮蝦餅。 ']",110台北市信義區忠孝東路五段68號4樓
珍寶海鮮 台北信義店,https://www.google.com.tw/maps/place/%E7%8F%8D%E5%AF%B6%E6%B5%B7%E9%AE%AE+%E5%8F%B0%E5%8C%97%E4%BF%A1%E7%BE%A9%E5%BA%97/data=!4m6!3m5!1s0x3442abba35ad0ac5:0x6ce2ca11990604cc!8m2!3d25.0387499!4d121.5667774!16s%2Fg%2F11gdlyzh82?authuser=0&hl=zh-TW&rclk=1,4.4,2364,"['辣椒螃蟹、燕麥蝦、摩卡排骨必點 服務人員很熱心介紹 用餐環境乾淨 很棒的體驗 ', '餐點品質不錯 桌菜set還蠻不錯的 建議有百貨禮卷的朋友們可以來這家用餐 ', '喜歡珍寶海鮮的美食，尤其是麥片蝦和馬來炒麵，甜點白果芋泥和清湯燉桃膠都很好吃。 ']",110台北市信義區松高路12號3F
饗泰多 Siam More 泰式風格餐廳 台北信義 微風松高店,https://www.google.com.tw/maps/place/%E9%A5%97%E6%B3%B0%E5%A4%9A+Siam+More+%E6%B3%B0%E5%BC%8F%E9%A2%A8%E6%A0%BC%E9%A4%90%E5%BB%B3+%E5%8F%B0%E5%8C%97%E4%BF%A1%E7%BE%A9+%E5%BE%AE%E9%A2%A8%E6%9D%BE%E9%AB%98%E5%BA%97/data=!4m6!3m5!1s0x3442abba4b902271:0x39a07169351cd6df!8m2!3d25.0387076!4d121.56729!16s%2Fg%2F11hb1ty713?authuser=0&hl=zh-TW&rclk=1,4.5,1616,"['推薦：涼拌酸辣海鮮、厚煎海鮮烘蛋、帕能咖哩燉松阪豬 服務也非常好👍 ', '這家的雲南椒麻雞很厲害，外皮酥脆，雞腿肉也很嫩。 ', '口味很棒、料理都很精緻，不過餐廳的桌子很小，兩人桌放4道菜就會太滿。 ']",110台北市信義區松高路16號微風松高3樓
義米蘭信義店,https://www.google.com.tw/maps/place/%E7%BE%A9%E7%B1%B3%E8%98%AD%E4%BF%A1%E7%BE%A9%E5%BA%97/data=!4m6!3m5!1s0x3442abb4eb64c377:0x90bee8e333f52398!8m2!3d25.0354168!4d121.5660073!16s%2Fg%2F11pdf35pjm?authuser=0&hl=zh-TW&rclk=1,4.6,526,"['很實在阿 派送方式出餐 推薦炸雞腿 韓式炸雞 起士炸雞 海鮮沙拉比薩 ', '披薩種類多，炸物新鮮，價格實惠 很適合家長帶小孩來吃 建議加價搭配主餐 ', '薯條有馬鈴薯跟地瓜，這個要趁熱才好吃 6.飲料有汽水、咖啡機、果汁跟茶。 ']",110台北市信義區松壽路12號4樓
開飯川食堂 市府店,https://www.google.com.tw/maps/place/%E9%96%8B%E9%A3%AF%E5%B7%9D%E9%A3%9F%E5%A0%82+%E5%B8%82%E5%BA%9C%E5%BA%97/data=!4m6!3m5!1s0x3442abb95faee141:0xc1d5f226fef09fdb!8m2!3d25.0406227!4d121.5654586!16s%2Fg%2F1pzr2k7h4?authuser=0&hl=zh-TW&rclk=1,4.1,1111,"['今日餐點推薦的就有流口水雞、黃金美人腿、泡椒皮蛋豆腐、夫妻肺片、梅汁二弄雞。 ', '湯品：連鍋湯，豬骨湯底很濃郁+上白蘿蔔，雖不錯喝但太鹹。 ', '川菜系列，口味只能說普普通通，老火鍋水煮牛的肉質不是太好。 ']",110台北市信義區忠孝東路五段8號統一時代百貨7樓
Meat Love橡木炭火韓國烤肉 信義店,https://www.google.com.tw/maps/place/Meat+Love%E6%A9%A1%E6%9C%A8%E7%82%AD%E7%81%AB%E9%9F%93%E5%9C%8B%E7%83%A4%E8%82%89+%E4%BF%A1%E7%BE%A9%E5%BA%97/data=!4m6!3m5!1s0x3442abca0295f6cb:0x57e1fd44327e882e!8m2!3d25.0328911!4d121.5591635!16s%2Fg%2F11dxdms3gv?authuser=0&hl=zh-TW&rclk=1,4.1,2278,"['飯前開胃菜種類繁多可無限續菜。海鮮豆腐湯推薦必點。雙人套餐CP值極佳。 ', '小菜免費續，有泡菜、南瓜泥、豆芽、韓國冬粉、海帶芽、小黃瓜、蔥、生菜沙拉。 ', '地點距離捷運站稍遠 餐點口味不錯、可免費續小菜 服務人員會代烤肉類，服務態度不錯 ']",110台北市信義區信義路四段468號
Texas Roadhouse 德州鮮切牛排 松高店,https://www.google.com.tw/maps/place/Texas+Roadhouse+%E5%BE%B7%E5%B7%9E%E9%AE%AE%E5%88%87%E7%89%9B%E6%8E%92+%E6%9D%BE%E9%AB%98%E5%BA%97/data=!4m6!3m5!1s0x3442abba4f6df625:0xa61c4b36aa0bf63e!8m2!3d25.0381554!4d121.5673139!16s%2Fg%2F11btmq468d?authuser=0&hl=zh-TW&rclk=1,4.2,3509,"['肋眼牛排很不錯，豬肋排偏鹹一點 麵包很好吃，飲料紅茶汽水可以續杯 花生無限量供應 ', '氣氛相當好的一間美式餐廳，餐點的肉質也很棒，定點服務生還會跳舞。 ', '份量大，食材用料不錯，適合親朋好友聚會的好地方 ']",110台北市信義區松高路16號3F
寒舍食譜 (台北寒舍艾美酒店),https://www.google.com.tw/maps/place/%E5%AF%92%E8%88%8D%E9%A3%9F%E8%AD%9C+(%E5%8F%B0%E5%8C%97%E5%AF%92%E8%88%8D%E8%89%BE%E7%BE%8E%E9%85%92%E5%BA%97)/data=!4m6!3m5!1s0x3442abba50d70b7b:0xfd0043d444898a1a!8m2!3d25.0382675!4d121.5681767!16s%2Fg%2F1hhj1gdg1?authuser=0&hl=zh-TW&rclk=1,4.2,567,"['餐點道道驚艷！脆皮燒肉，鮮蝦腐皮捲，燒賣，用料紮實，口感豐富，值得推薦的餐廳！ ', '春捲 家鄉鹹水餃 乾炒牛河 北海道干貝燒賣 是必點菜色 !! 千萬別漏點了 ', '餐點和服務都很普通，點個餐限制東限制西，是怕客人吃嗎？CP值來說只給一顆星。 ']",110台北市信義區松仁路38號
Wayne’s New York 瑋恩紐約美式龍蝦牛排餐廳,https://www.google.com.tw/maps/place/Wayne%E2%80%99s+New+York+%E7%91%8B%E6%81%A9%E7%B4%90%E7%B4%84%E7%BE%8E%E5%BC%8F%E9%BE%8D%E8%9D%A6%E7%89%9B%E6%8E%92%E9%A4%90%E5%BB%B3/data=!4m6!3m5!1s0x3442ab823343b2b7:0xc043d0a63eaeb78d!8m2!3d25.0301507!4d121.5580054!16s%2Fg%2F11fkmgvj72?authuser=0&hl=zh-TW&rclk=1,4.6,619,"['松露牛肝菌濃湯鹹鮮濃郁，飄浮湯上的吐司丁也不馬乎，剛好脆口襯托湯的口感。 ', '海鮮塔新鮮好吃，龍蝦算大隻 雙人套餐吃的很飽，從沙拉到甜點都不馬虎！ ', '是食材新鮮度、裝潢還是整體用餐環境氣氛都很好！ ']",110台北市信義區基隆路二段81號
紫艷中餐廳,https://www.google.com.tw/maps/place/%E7%B4%AB%E8%89%B7%E4%B8%AD%E9%A4%90%E5%BB%B3/data=!4m6!3m5!1s0x3442abb95768ddc1:0x6c04dce1f6e98cda!8m2!3d25.040598!4d121.565735!16s%2Fg%2F1tt1qd5w?authuser=0&hl=zh-TW&rclk=1,4.3,1225,"['天氣好包廂就有不錯夜景。那鍋各種海鮮粉紅湯底的粥非常好吃。有免費茶沒有免費水 ', '覺得黑松露龍蝦金筍餃跟翡翠魚子賽螃蟹超推❤️ 甜點方面最愛金沙芝麻蛋塔😋 ', '這次的漫遊6國w餐點有鹹有甜頗美味，搭配的調酒也好喝，沙發舒適景觀美，非常推薦👍 ']",110台北市信義區忠孝東路五段10號31樓
鼎泰豐 101店,https://www.google.com.tw/maps/place/%E9%BC%8E%E6%B3%B0%E8%B1%90+101%E5%BA%97/data=!4m6!3m5!1s0x3442abb6e8257741:0x51d2055f43274319!8m2!3d25.03346!4d121.5644841!16s%2Fg%2F11gzdz57n?authuser=0&hl=zh-TW&rclk=1,4.5,9129,"['服務人員介紹專業，出餐快速，料理美味，甜點的酒釀芝麻湯圓和芋泥香氣濃厚卻自然順口 ', '照樣點了蝦肉紅油抄手、排骨蛋炒飯、魚肉蒸餃、小籠包、牛肉麵⋯⋯⋯每個都好吃！ ', '東西好吃，服務好棒，只是要久等。（推薦私房菜單：陽春麵） ']",110台北市信義區市府路45號B1
Musée Kitchen & Bar,https://www.google.com.tw/maps/place/Mus%C3%A9e+Kitchen+%26+Bar/data=!4m6!3m5!1s0x3442abb5928649df:0xbd03399d4e96e2e0!8m2!3d25.0310789!4d121.560587!16s%2Fg%2F11b6yxlmzj?authuser=0&hl=zh-TW&rclk=1,4.1,789,"['裝潢美、氣氛佳，餐點口味也很棒，推薦干貝松露燉飯😊 ', '戰斧豬排 義大利麵類很好吃 燻鮭魚沙拉 牛舌 很適合年輕人聚餐的地方 ', '環境設計感很棒 東西好吃、啤酒甜點都很棒 吃完還可以去逛信義區！！ ']",110台北市信義區莊敬路178巷15號
心潮飯店 Sinchao Rice Shoppe,https://www.google.com.tw/maps/place/%E5%BF%83%E6%BD%AE%E9%A3%AF%E5%BA%97+Sinchao+Rice+Shoppe/data=!4m6!3m5!1s0x3442abce7987eb23:0xd66dd276f16c59a2!8m2!3d25.0405778!4d121.5671!16s%2Fg%2F11fqz4vll0?authuser=0&hl=zh-TW&rclk=1,4.1,1161,"['和永心鳳茶走不同路線的臺菜餐廳！炒飯偏普通，但推薦酸白菜炒牛肉那道還有軟殼蟹！！ ', '創意的台式餐酒館，老上海的復古裝潢很有質感，餐點精緻，擺盤也很美適合拍照。 ', '喜歡店裡的每一分細節的設計，包含餐具菜單等等，以及服務生的服務也很周到專業。 ']",110台北市信義區忠孝東路五段68號2樓
The Ukai Taipei,https://www.google.com.tw/maps/place/The+Ukai+Taipei/data=!4m6!3m5!1s0x3442ab79b6c82e55:0x22d3924c3b87d9a8!8m2!3d25.0342406!4d121.5671232!16s%2Fg%2F11h045cw9g?authuser=0&hl=zh-TW&rclk=1,4.4,701,"['很棒的美食享受丶環境怡人放鬆丶服務親切丶咖啡甜點都有中上的水準 ', '後面的鯛魚湯很鮮甜可以加湯，魚片很嫩用清湯煮完全考驗魚的新鮮度！ ', '無敵風景、氣氛佳、食材新鮮，師傅的料理技術也是了得。 ']",110台北市信義區松智路17號46樓
橘色涮涮屋A9館,https://www.google.com.tw/maps/place/%E6%A9%98%E8%89%B2%E6%B6%AE%E6%B6%AE%E5%B1%8BA9%E9%A4%A8/data=!4m6!3m5!1s0x3442ab29dd20982f:0xd224611b23f03b98!8m2!3d25.0363392!4d121.5667018!16s%2Fg%2F11gmfxr2zs?authuser=0&hl=zh-TW&rclk=1,4.4,1155,"['來橘色推薦他們的🦀️海鮮套餐，最後湯頭煮粥很棒！照顧吧台區的服務人員服務很👍 ', '點了美國沙朗與小牛排份量都是200g，肉質鮮甜不蘸醬就能感受到食材的新鮮。 ', '3.綜合菜盤：甜不辣、魚板、豆腐、蒟蒻、香菇、蔬菜、玉米等。 ']",110台北市信義區松壽路9號
台北君悅酒店 Bel Air 寶艾西餐廳,https://www.google.com.tw/maps/place/%E5%8F%B0%E5%8C%97%E5%90%9B%E6%82%85%E9%85%92%E5%BA%97+Bel+Air+%E5%AF%B6%E8%89%BE%E8%A5%BF%E9%A4%90%E5%BB%B3/data=!4m6!3m5!1s0x3442abb7a75a2db9:0x8b1fb9c73f768b14!8m2!3d25.0355799!4d121.5620793!16s%2Fg%2F11bbsy6kqq?authuser=0&hl=zh-TW&rclk=1,4.3,618,"['食材的料理和人員的服務都很專業，也很有特色!! 而且每道菜都很精緻~~~ ', '甜點部分，巧克力塔實在是太好吃了，蘋果造型的摩斯尚可。 ', '很棒的場地跟餐點，包廂環境很棒，服務人員很專業 ']",110台北市信義區松壽路2號2樓
請請義大利餐廳 逸仙店,https://www.google.com.tw/maps/place/%E8%AB%8B%E8%AB%8B%E7%BE%A9%E5%A4%A7%E5%88%A9%E9%A4%90%E5%BB%B3+%E9%80%B8%E4%BB%99%E5%BA%97/data=!4m6!3m5!1s0x3442abb9028cd75b:0xef994e5f95504dbb!8m2!3d25.0405306!4d121.5627849!16s%2Fg%2F11f3wrjqc0?authuser=0&hl=zh-TW&rclk=1,4.4,1729,"['海鮮台式創意義大利麵很鹹香，手工pizza餅皮口感超Q不厚重，份量適合多人分享 ', '生牛肉前菜、墨西哥辣肉醬牛肉披薩很美味，五花鼻管麵無敵肥膩，廁所太少。 ', '秘製香料經典炭烤豬肋排（438元）肉有保持嫩的口感，生菜沙拉有些沒有淋到醬汁。 ']",110台北市信義區逸仙路50巷22號
海灘叢林 A Beach,https://www.google.com.tw/maps/place/%E6%B5%B7%E7%81%98%E5%8F%A2%E6%9E%97+A+Beach/data=!4m6!3m5!1s0x3442abb719618079:0xd71e1a8b29dd7d00!8m2!3d25.032582!4d121.5636446!16s%2Fg%2F11p9lhkry8?authuser=0&hl=zh-TW&rclk=1,4.6,582,"['雞肉沙拉、北海道干貝蝦膏起司燉飯，味道和食材新鮮度都很不錯。店員也非常親切周到。 ', '服務超貼心nice,餐點好好吃😋招待慶生甜點蛋糕很大器喔！環境更不用說了美呆了 ', '又追加了台灣南波萬黃金地瓜，要結帳時還被招待了青檸檬薄荷奶油起司派。 ']",110台北市信義區信義路五段18號B1
Selfish Burger 喀漢堡,https://www.google.com.tw/maps/place/Selfish+Burger+%E5%96%80%E6%BC%A2%E5%A0%A1/data=!4m6!3m5!1s0x3442abb595396f5d:0xa2fed668f5965c3d!8m2!3d25.0310263!4d121.5611238!16s%2Fg%2F11c0r3j594?authuser=0&hl=zh-TW&rclk=1,4.2,2000,"['蘋果雞炸的有點乾，會刮嘴巴，氣氛很適合朋友聚會。麵包的口感很棒，薯條味道有點複雜 ', '自私漢堡獨享飽， 藍紋起司燻辣椒， 魷魚蔥圈地瓜條， 芒果啤酒暑氣消。 ', '有時候會有創意限定口味的美式漢堡餐廳， 整體尚可， 希望可以加賣花生醬牛肉漢堡！ ']",110台北市信義區莊敬路180號
Lady nara 曼谷新泰式料理 台北統一時代店,https://www.google.com.tw/maps/place/Lady+nara+%E6%9B%BC%E8%B0%B7%E6%96%B0%E6%B3%B0%E5%BC%8F%E6%96%99%E7%90%86+%E5%8F%B0%E5%8C%97%E7%B5%B1%E4%B8%80%E6%99%82%E4%BB%A3%E5%BA%97/data=!4m6!3m5!1s0x3442ab2475748553:0x798baab8ad66220b!8m2!3d25.040506!4d121.5651212!16s%2Fg%2F11fkwcxjb1?authuser=0&hl=zh-TW&rclk=1,4.3,1371,"['在统一時代百貨三樓的餐廳. 較適合年輕上班族用餐的地方 食材、口味、份量都不錯. ', '★：泰舒芙，甜醬雞米花，松露酥炸雞翅，草莓大理石優格飲，香辣蟹肉櫛瓜麵。 ', '用餐環境也很明亮舒服～ 綠咖哩牛腩飯很好吃，牛肉搭配附上的辣椒魚露更加分！！ ']",110台北市信義區忠孝東路五段8號3F
TGI FRIDAYS 星期五美式餐廳 信義餐廳,https://www.google.com.tw/maps/place/TGI+FRIDAYS+%E6%98%9F%E6%9C%9F%E4%BA%94%E7%BE%8E%E5%BC%8F%E9%A4%90%E5%BB%B3+%E4%BF%A1%E7%BE%A9%E9%A4%90%E5%BB%B3/data=!4m6!3m5!1s0x3442abb95faee141:0x95c6e6de82336969!8m2!3d25.0407344!4d121.5653917!16s%2Fg%2F12hp5rlr7?authuser=0&hl=zh-TW&rclk=1,4.1,2342,"['肋排大推比牛排好吃太多了！另外推薦泰式雞肉麵和鮮蝦義大利麵😋 ', '親切的服務 滿意的用餐環境 可以先打電話訂位避免現場久候 「樓下有收費停車塲」 ', '這間分店環境更舒適,戶外也常有一些活動與漂亮照相區,很適合愛拍照與有小孩家庭 ']",110台北市信義區忠孝東路五段8號2樓
馬可波羅義大利餐廳 - 台北遠東香格里拉,https://www.google.com.tw/maps/place/%E9%A6%AC%E5%8F%AF%E6%B3%A2%E7%BE%85%E7%BE%A9%E5%A4%A7%E5%88%A9%E9%A4%90%E5%BB%B3+-+%E5%8F%B0%E5%8C%97%E9%81%A0%E6%9D%B1%E9%A6%99%E6%A0%BC%E9%87%8C%E6%8B%89/data=!4m6!3m5!1s0x3442aa32657c4a79:0xb341d91553bf46ab!8m2!3d25.026612!4d121.549282!16s%2Fg%2F1tdgs2p8?authuser=0&hl=zh-TW&rclk=1,4.4,1017,"['景觀美氣氛佳，牛排羊排超好吃！服務人員親切，優質服務是個可以放鬆享受美食的地方。 ', '#杏仁甜酒雪糕 我最喜歡的甜點，介於冰淇淋跟蛋糕中間的口感超棒！ ', '餐廳氣氛佳、靠窗位置夜景好。套餐口味清新淡雅。杏仁明蝦、茄子千層好吃。 ']",106台北市大安區敦化南路二段201號38樓
亨利客 原味炭烤牛排,https://www.google.com.tw/maps/place/%E4%BA%A8%E5%88%A9%E5%AE%A2+%E5%8E%9F%E5%91%B3%E7%82%AD%E7%83%A4%E7%89%9B%E6%8E%92/data=!4m6!3m5!1s0x3442aa3156874ee9:0x304f178cdd17f9ef!8m2!3d25.023422!4d121.5538073!16s%2Fg%2F11c37mztmm?authuser=0&hl=zh-TW&rclk=1,4.4,1139,"['加90就可以升級套餐，有起士麵包、主廚湯、冷飲、甜點（冰淇淋或奶酪）。 ', '還有一道特色菜，瓜地馬拉風味的鮮蝦沙拉，酸中帶辣，配上超大鮮蝦，絕對必點的啦。 ', '餐點品質優良、服務親切周到 用餐環境舒適氣氛良好、廁所整潔 值得推薦！ ']",11056台北市信義區和平東路三段215號
欣葉台菜 信義新天地A9店,https://www.google.com.tw/maps/place/%E6%AC%A3%E8%91%89%E5%8F%B0%E8%8F%9C+%E4%BF%A1%E7%BE%A9%E6%96%B0%E5%A4%A9%E5%9C%B0A9%E5%BA%97/data=!4m6!3m5!1s0x3442abb0a47226ad:0xa3c29da266aed574!8m2!3d25.0366706!4d121.5667018!16s%2Fg%2F1twyx6v2?authuser=0&hl=zh-TW&rclk=1,4.2,1519,"['份量還算足夠，菜色普普，螃蟹米糕的蟹肉沒有很新鮮，蔥油雞不推。 ', '家人聚餐的好地方 生意很好 潤餅捲 魯大腸 藍斑魚 菜埔蛋等台灣小吃都好吃 ', '這裡的菜的份量偏少，建議點餐道數是人數+2道，再點麵、飯或米粉等主食。 ']",110台北市信義區松壽路9號8樓
漢來名人坊 世貿店,https://www.google.com.tw/maps/place/%E6%BC%A2%E4%BE%86%E5%90%8D%E4%BA%BA%E5%9D%8A+%E4%B8%96%E8%B2%BF%E5%BA%97/data=!4m6!3m5!1s0x3442abe7d84659fb:0x2649930ca6987148!8m2!3d25.0344064!4d121.5612277!16s%2Fg%2F11jwk3stgw?authuser=0&hl=zh-TW&rclk=1,4.5,1618,"['烤鴨三吃食材料理很棒，用餐環境優雅服務好，可鳥瞰台北市夜景 ', '參加婚宴，場地動線清楚不易走錯 菜色好吃不油，份量剛好 視野佳 ', '脆皮叉燒、叉燒包很好吃 金沙魚皮、炒飯、腸粉就比較普通 ']",110台北市信義區基隆路一段333號34樓
金色三麥 信義誠品店 B1,https://www.google.com.tw/maps/place/%E9%87%91%E8%89%B2%E4%B8%89%E9%BA%A5+%E4%BF%A1%E7%BE%A9%E8%AA%A0%E5%93%81%E5%BA%97+B1/data=!4m6!3m5!1s0x3442abbbd49807b9:0x230ccd435b985a9c!8m2!3d25.0397223!4d121.56499!16s%2Fg%2F1tj5hvrw?authuser=0&hl=zh-TW&rclk=1,4.2,3182,"['拼盤好吃、德國香腸披薩與燉飯、溫生菜沙拉都很好吃，還有最喜歡蜂蜜啤酒了！ ', '餐點沒特色，服務經典地差，第一次遇到服務人員拿著菜無表情等客人移盤子的店... ', '商業午餐180$ 番茄海鮮義大利麵+湯品 當日的巧達濃湯料很多很好喝 ']",110台北市信義區松高路11號
夜上海 Ye Shanghai Taipei,https://www.google.com.tw/maps/place/%E5%A4%9C%E4%B8%8A%E6%B5%B7+Ye+Shanghai+Taipei/data=!4m6!3m5!1s0x3442abbbb609d58f:0x1865328c872fd50d!8m2!3d25.0396539!4d121.5667018!16s%2Fg%2F11b7y6p6fd?authuser=0&hl=zh-TW&rclk=1,4.1,969,"['氣氛好、餐點精緻 推薦蔥油扮麵、燻魚和崧子雞米配叉子燒餅 生煎包略乾硬 ', '香四溢 創意擺盤 薏仁水 有冷熱兩款 健康飲品 桂花酒釀芝麻湯圓 清爽有味 ', '菜色多，料理好，氣氛佳，茶很香，不失為米其林美食，唯員工教育訓練還要加強 ']",110台北市信義區松高路19號
11 Cafe《早午餐&創意義大利麵專賣店》,https://www.google.com.tw/maps/place/11+Cafe%E3%80%8A%E6%97%A9%E5%8D%88%E9%A4%90%26%E5%89%B5%E6%84%8F%E7%BE%A9%E5%A4%A7%E5%88%A9%E9%BA%B5%E5%B0%88%E8%B3%A3%E5%BA%97%E3%80%8B/data=!4m6!3m5!1s0x3442abb92b2135d1:0xc824faee155f9453!8m2!3d25.0425217!4d121.56284!16s%2Fg%2F12m8zsvg5?authuser=0&hl=zh-TW&rclk=1,4.6,1656,"['好吃 餐點又很豐富 鮭魚水果沙拉擺盤漂亮水果超多 鬆餅酥脆肉桂味很足，真的推薦 ', '店內裝潢的不錯有氣氛！用餐環境都算是乾淨， 青醬海鮮義大利麵，裡面的蛤蜊很大喔！ ', '法國吐司、地瓜醬、鮮奶茶很棒，室外座位也很舒服。 ']",110台北市信義區忠孝東路四段553巷12號
亞米小廚 yummy kitchenette,https://www.google.com.tw/maps/place/%E4%BA%9E%E7%B1%B3%E5%B0%8F%E5%BB%9A+yummy+kitchenette/data=!4m6!3m5!1s0x3442abbce3c023cd:0x432984f9985de145!8m2!3d25.043494!4d121.5693776!16s%2Fg%2F11dymqtzx2?authuser=0&hl=zh-TW&rclk=1,4.7,557,"['餐點好吃。台式炸雞腿燉飯真好吃，附餐可加湯、飲料和點心。 ', '套餐便宜份量大吃得飽 玉米濃湯料多甜甜的 炸物有很多醬料可以選 性價比高 ', '主打料理是義大利麵，每位且CP值高，紅茶也很有古早味，值得推薦。 ']",110台北市信義區永吉路30巷101弄16號
TGI FRIDAYS 星期五美式餐廳 松高餐廳,https://www.google.com.tw/maps/place/TGI+FRIDAYS+%E6%98%9F%E6%9C%9F%E4%BA%94%E7%BE%8E%E5%BC%8F%E9%A4%90%E5%BB%B3+%E6%9D%BE%E9%AB%98%E9%A4%90%E5%BB%B3/data=!4m6!3m5!1s0x346803e2daa71f85:0x6d793e71711aeb94!8m2!3d25.0381554!4d121.5673139!16s%2Fg%2F11h4c9p6bc?authuser=0&hl=zh-TW&rclk=1,4.1,648,"['沙拉，豬肋排與漢堡維持一定的水平,推薦於週間用餐，環境非常舒適，服務親切 ', '推）特調瑪格麗特（含酒）-杯沿的海鹽搭配微酸檸檬汁，酸甜鹹的滋味跟海鮮很對味。 ', '上錯菜，點錯菜，未給水，少上飲料 餐點普普 要收服務費員工訓練再加強吧 ']",110台北市信義區松高路16號微風松高3F3樓
Butcher by LanPengYou,https://www.google.com.tw/maps/place/Butcher+by+LanPengYou/data=!4m6!3m5!1s0x3442ab30df9c5285:0x8886b4a8e0a59080!8m2!3d25.0298529!4d121.558221!16s%2Fg%2F11fwq3jzbj?authuser=0&hl=zh-TW&rclk=1,4.1,1108,"['漢堡很好吃裡面肉很嫩不會很乾，薯條有不同口味可以選擇，蒜味跟蜂蜜芥末的好吃😋 ', '地點隱密裝潢設計簡約，店內座位約40位，用餐建議先電話詢問或提早預約。 ', '烤雞腿排/芝麻菜/番茄/切達起司/洋蔥/特製紅椒醬 雞腿排的份量超大又厚又多汁！ ']",11052台北市信義區基隆路二段87號
GUMGUM Beer & Wings 雞翅酒吧-信義本店,https://www.google.com.tw/maps/place/GUMGUM+Beer+%26+Wings+%E9%9B%9E%E7%BF%85%E9%85%92%E5%90%A7-%E4%BF%A1%E7%BE%A9%E6%9C%AC%E5%BA%97/data=!4m6!3m5!1s0x3442abc9e61bed7b:0xd8978857a512d1a6!8m2!3d25.0338989!4d121.5591333!16s%2Fg%2F11c709w5c_?authuser=0&hl=zh-TW&rclk=1,4.6,2080,"['即使隱身在巷弄中 深具特色的裝潢很難讓人不多看兩眼 推薦起司雞肉煎餅與燉飯料理 ', '炸物拼盤好吃 義大利麵調味濃郁 松阪豬沙拉的豬肉非常軟嫩 起司甜點也非常夠味😋 ', '氣氛很好，可以盡情開聊也不用擔心吵到隔壁桌，啤酒好喝，主餐的蕃茄麵也很好吃喔！ ']",110台北市信義區光復南路473巷11弄38號
新高軒信義店(A11-B2),https://www.google.com.tw/maps/place/%E6%96%B0%E9%AB%98%E8%BB%92%E4%BF%A1%E7%BE%A9%E5%BA%97(A11-B2)/data=!4m6!3m5!1s0x3442abca004f3b09:0x251b1ea1a38c3c58!8m2!3d25.0365446!4d121.5672369!16s%2Fg%2F11hzy7lb_c?authuser=0&hl=zh-TW&rclk=1,4.6,1029,"['咖哩醬給的份量非常多，套餐的魚也不錯。每人有5選2的小菜或飯增量的選擇。 ', '以為是從日本來的咖哩店，咖哩味道有點類似印度改良的日式口感 ', '推薦炸豬排，外酥內嫩，唐揚雞稍乾，咖喱口味不錯，白飯有點太濕軟。可以免費加醬 ']",110台北市信義區松壽路11號號地下二樓
四時輕燒肉概念屋,https://www.google.com.tw/maps/place/%E5%9B%9B%E6%99%82%E8%BC%95%E7%87%92%E8%82%89%E6%A6%82%E5%BF%B5%E5%B1%8B/data=!4m6!3m5!1s0x3442ab1da105370b:0xa1fb6a806e51082!8m2!3d25.0471036!4d121.550679!16s%2Fg%2F11g4c4kskq?authuser=0&hl=zh-TW&rclk=1,4.9,5591,"['整體氣氛愉快 食材新鮮，服務非常好 服務生小洋蔥先生服務親切，手法專業 ', '完成不用動手，店員桌邊服務 蔥鹽加分，海鮮新鮮，水果酒好喝，沒什麼油煙味 ', '的品質都在中上，餐點量cp值非常高，建議點套餐會比較划算，值得下一次再回到店裡吃 ']",10558台北市松山區八德路三段12巷16弄1號
PappaRich金爸爸-新光信義A9店,https://www.google.com.tw/maps/place/PappaRich%E9%87%91%E7%88%B8%E7%88%B8-%E6%96%B0%E5%85%89%E4%BF%A1%E7%BE%A9A9%E5%BA%97/data=!4m6!3m5!1s0x3442abba699fcffd:0x9b31617011ad9314!8m2!3d25.0363392!4d121.5667018!16s%2Fg%2F11cnc0cbx6?authuser=0&hl=zh-TW&rclk=1,4.1,1603,"['海南雞飯價格不便宜，口感尚可，雞肉量與菜單圖片有落差。湯普普。中間醬料很道地。 ', '餐點好吃，份量有點少～ 咖哩雞偏台式沒有特色，最期待的榴蓮蛋糕也差強人意。 ', '價位中等、口味不錯、海鮮粿條有鍋氣、好吃👍、店員動作迅速語氣溫和！ ']",110台北市信義區松壽路9號
筷炒KUAICHAO,https://www.google.com.tw/maps/place/%E7%AD%B7%E7%82%92KUAICHAO/data=!4m6!3m5!1s0x3442ab295c3d9f49:0xd0b6db04b95d3a97!8m2!3d25.0367179!4d121.5681308!16s%2Fg%2F11j1dmrs77?authuser=0&hl=zh-TW&rclk=1,4.5,705,"['價位中高，服務好，鹽焗台灣鯛肉質普通，蔭蚵下飯，麻油松阪豬很香，適合家族聚餐。 ', '菜色不錯，口味鹹淡適中，服務人員很勤來倒水及清桌，推薦~ ', '餐點很美味，就是高級的快炒店，服務員會來提醒小孩吃飯進度，態度貼心，感受很棒 ']",11073台北市信義區松仁路58號14樓
新村站著吃烤肉,https://www.google.com.tw/maps/place/%E6%96%B0%E6%9D%91%E7%AB%99%E8%91%97%E5%90%83%E7%83%A4%E8%82%89/data=!4m6!3m5!1s0x3442abfa43366921:0x47959ba03854051c!8m2!3d25.04123!4d121.5685187!16s%2Fg%2F11h71kmf8s?authuser=0&hl=zh-TW&rclk=1,4.5,4045,"['肉質棒，醬汁也很搭，小菜好吃（蘿蔔、泡菜、黃金海帶芽），吃完不沾油煙味👍👍👍👍👍 ', '份量偏少，飯使用微波加熱口感不佳，餐點口味沒問題但容易膩 ', '防疫餐 牛肉不錯👍 豬五花不錯👍 其他梅花豬肉片的 有腥味整盤丟掉👎 ']",110台北市信義區忠孝東路五段159號
"馬友友印度廚房 Mayur Indian Kitchen, MIK-1","https://www.google.com.tw/maps/place/%E9%A6%AC%E5%8F%8B%E5%8F%8B%E5%8D%B0%E5%BA%A6%E5%BB%9A%E6%88%BF+Mayur+Indian+Kitchen,+MIK-1/data=!4m6!3m5!1s0x3442abb791fc36d9:0x32e2daa7c1cb5ce9!8m2!3d25.0368309!4d121.5616073!16s%2Fg%2F1vm_vld3?authuser=0&hl=zh-TW&rclk=1",4.2,964,"['咖哩醬濃厚且烤餅多種口味，交通上離捷運站有段距離，建議搭乘公車較為適宜。 ', '雙人套餐中只喜歡米布丁，香料奶茶個人不愛，肉桂+姜味奶茶的感覺。 ', '道地的印度料理，咖哩著實味美，烤餅米飯香，烤雞則比台灣烤肉少了滋味。 ']",110台北市信義區基隆路一段350-5號
BaganHood 蔬食餐酒館-市政府站 (松菸IG美食 純素超市餐廳 推薦平價人氣),https://www.google.com.tw/maps/place/BaganHood+%E8%94%AC%E9%A3%9F%E9%A4%90%E9%85%92%E9%A4%A8-%E5%B8%82%E6%94%BF%E5%BA%9C%E7%AB%99+(%E6%9D%BE%E8%8F%B8IG%E7%BE%8E%E9%A3%9F+%E7%B4%94%E7%B4%A0%E8%B6%85%E5%B8%82%E9%A4%90%E5%BB%B3+%E6%8E%A8%E8%96%A6%E5%B9%B3%E5%83%B9%E4%BA%BA%E6%B0%A3)/data=!4m6!3m5!1s0x3442ab1b6ff34337:0xd2de4b92ce70ea33!8m2!3d25.0443206!4d121.5634869!16s%2Fg%2F11fnbdb89z?authuser=0&hl=zh-TW&rclk=1,4.5,961,"['餐飲pizza、飯都美味好吃，甜點炸蘋果也不錯，來點調酒或泰式奶茶搭配喝，更棒。 ', '東西好吃沒話說，若是川味丸子套餐的配菜能更特別點、漢堡類能夠單點就很完美了 ', '餐點好吃 泡菜臭豆腐披薩口味特殊，餅皮軟Q 可以再訪 ']",110台北市信義區忠孝東路四段553巷46弄11號
蔬漫小姐Miss Shumaan.house,https://www.google.com.tw/maps/place/%E8%94%AC%E6%BC%AB%E5%B0%8F%E5%A7%90Miss+Shumaan.house/data=!4m6!3m5!1s0x3442aa4d4d6d1eb9:0x2e7f7d9823f5b971!8m2!3d25.0425866!4d121.5701127!16s%2Fg%2F11b6hkbgqx?authuser=0&hl=zh-TW&rclk=1,4.5,1309,"['義大利麵有天婦羅！創意好吃的素食義式料理，裝潢環境餐點都非常棒！ ', '漢堡套餐的薯條屬於外酥內綿的口感，小沙拉的水果杯配上甜甜的醬汁洽到了好處。 ', '海鮮燉飯色香味俱全 餐廳氣氛佳 服務親切 是適合聚會聊天的好地方 ']",11065台北市信義區永吉路120巷82號1F
小後苑Backyard Jr. (信義Xinyi),https://www.google.com.tw/maps/place/%E5%B0%8F%E5%BE%8C%E8%8B%91Backyard+Jr.+(%E4%BF%A1%E7%BE%A9Xinyi)/data=!4m6!3m5!1s0x3442abba1262a95b:0xa7399523976d3cc9!8m2!3d25.0366616!4d121.5667248!16s%2Fg%2F11gbf8llhh?authuser=0&hl=zh-TW&rclk=1,4.3,701,"['氣氛舒服，戶外區天氣好時很推薦，食物口味偏台式，酒類種類非常多，整體價位偏高 ', '點了椒麻豬腳，軟殼蟹，海鮮意大利麵，炒泡麵，牛排（忘了名稱），每道菜都很好吃！ ', '餐點好吃，專業的介紹酒品，環境優美 三五好友小酌的好地方👍 ']",110台北市信義區松壽路9號3樓
食令shabu,https://www.google.com.tw/maps/place/%E9%A3%9F%E4%BB%A4shabu/data=!4m6!3m5!1s0x3442ababb720b911:0x661bd181279c1178!8m2!3d25.0334929!4d121.564101!16s%2Fg%2F11jmxrb9_s?authuser=0&hl=zh-TW&rclk=1,4.8,1733,"['服務很棒，用餐環境不錯，食材很新鮮！海鮮與肉品都讓人感受到選材的用心，值得推薦！ ', '服務態度良好，肉質極佳，海鮮新鮮，尤其是花枝丸. 氣氛適合家庭或情侶聚會. ', '海鮮新鮮好吃，服務生親切 蝦子、螃蟹、蛤蜊都會幫忙撥好 甜點和結尾的粥也不錯吃 ']",110台北市信義區市府路45號4F
一蘭 台灣台北本店,https://www.google.com.tw/maps/place/%E4%B8%80%E8%98%AD+%E5%8F%B0%E7%81%A3%E5%8F%B0%E5%8C%97%E6%9C%AC%E5%BA%97/data=!4m6!3m5!1s0x3442abba811b5ce3:0x2bc3f20642b199ef!8m2!3d25.0361643!4d121.5693468!16s%2Fg%2F11dyyx9cvy?authuser=0&hl=zh-TW&rclk=1,4.1,16705,[],not searched
Saffron 46,https://www.google.com.tw/maps/place/Saffron+46/data=!4m6!3m5!1s0x3442ab12e6ae3f01:0xd8efab3ee4ae4207!8m2!3d25.0341753!4d121.5669112!16s%2Fg%2F11h2nzmkp9?authuser=0&hl=zh-TW&rclk=1,4.3,994,"['餐點都不錯，雞肉咖哩薄餅等都很棒，甜點點了香料冰淇淋，味道很特別，值得一試。 ', '眺望台北101鑽石地毯夜景 微醺浪漫的氣氛 搭上華麗的異國印度料理 完美｡ ', '餐廳無提供牛肉及豬肉，也無包廂，只分沙發區及座位區，用餐時間為120分鐘。 ']",110台北市信義區松智路17號46F
隱世餐酒館(台北永春店)The Arcadia Bistro,https://www.google.com.tw/maps/place/%E9%9A%B1%E4%B8%96%E9%A4%90%E9%85%92%E9%A4%A8(%E5%8F%B0%E5%8C%97%E6%B0%B8%E6%98%A5%E5%BA%97)The+Arcadia+Bistro/data=!4m6!3m5!1s0x3442abf99bdc2e9f:0x3570ec294ccd5d!8m2!3d25.0411201!4d121.5731869!16s%2Fg%2F11llnyjb3y?authuser=0&hl=zh-TW&rclk=1,4.8,733,"['裝潢美、燈光佳、氣氛好，帶著女朋友去最合適，我去都點客家菜畢竟這種機會難得。 ', '空間與佈置很有現代藝術中國風感 餐點與調酒也很用心在準備 很適合聚會 ', '建議想看表演的朋友們，可以做舞台前面的位置， 也一定要先訂位喔！位子不太好訂。 ']",110台北市信義區忠孝東路五段297號
金子半之助 新光A8店,https://www.google.com.tw/maps/place/%E9%87%91%E5%AD%90%E5%8D%8A%E4%B9%8B%E5%8A%A9+%E6%96%B0%E5%85%89A8%E5%BA%97/data=!4m6!3m5!1s0x3442abba47fecf2b:0xa2c53402feb62faf!8m2!3d25.0387489!4d121.5666702!16s%2Fg%2F11f3bfg5gq?authuser=0&hl=zh-TW&rclk=1,4.1,1370,"['吃了包含日本本店及台灣部分分店，最喜歡A8的用餐環境！空間舒適，服務用心，五星！ ', '食材品質：五星，很新鮮 飲品茶水：四星，黑豆水免費提供。 ', '沒有真的進該服務生口袋，台灣的玩法真的很棒。沒給一顆星是該店食物味道跟國外一樣。 ']",11073台北市信義區松高路12號 號B2
CÉ LA VI 台北,https://www.google.com.tw/maps/place/C%C3%89+LA+VI+%E5%8F%B0%E5%8C%97/data=!4m6!3m5!1s0x3442ab5b3896b905:0x1e74397cfefb7d35!8m2!3d25.0344948!4d121.5659255!16s%2Fg%2F11h6ns21gc?authuser=0&hl=zh-TW&rclk=1,4.4,1507,"['下雨天沒機會坐室外..以坐室內吃下午茶來說..餐點及環境讓人覺得Cp值普普 ', '亞洲料理 食材新鮮 景色非常棒 看著全台北市、 適合跟朋友來吃飯喝酒的地方！！ ', '手工自製雞肉丸：雞肉丸很紮實有彈性，台東芋頭冬瓜芋頭香氣十足，淋上鰹魚高湯。 ']",110台北市信義區松智路17號48樓
虎三同 韓食燒肉餐酒 HU3 KOREAN CUISINE,https://www.google.com.tw/maps/place/%E8%99%8E%E4%B8%89%E5%90%8C+%E9%9F%93%E9%A3%9F%E7%87%92%E8%82%89%E9%A4%90%E9%85%92+HU3+KOREAN+CUISINE/data=!4m6!3m5!1s0x3442ab869f0ead57:0x1162cc4c37eda2c1!8m2!3d25.0368001!4d121.5681278!16s%2Fg%2F11lrw6t50x?authuser=0&hl=zh-TW&rclk=1,4.4,761,"['好吃的燒烤，小菜泡菜很好吃，服務生Chris服務👍 會細心介紹及建議餐點 ', '年糕湯偏淡、海鮮煎餅料多但粉太厚、海鮮辣炒麵是泡麵體（？！） ', '（龍蝦、烤牛舌、牛肉們，石鍋拌飯、飲料⋯都棒❤️） ']",11073台北市信義區松仁路58號14樓
象廚泰式料理,https://www.google.com.tw/maps/place/%E8%B1%A1%E5%BB%9A%E6%B3%B0%E5%BC%8F%E6%96%99%E7%90%86/data=!4m6!3m5!1s0x3442abbc1aae8e3b:0x817f87a2ae0123df!8m2!3d25.0425035!4d121.5662513!16s%2Fg%2F11c1n3bnzx?authuser=0&hl=zh-TW&rclk=1,4.3,990,"['月亮蝦餅、綠咖哩雞、椒麻雞、檸檬清蒸魚、香茅松阪豬、沙嗲豬肉串都好吃！推！ ', '份量足，味道也很地道，不是地雷的好吃泰國菜，推薦涼拌海鮮泡麵。 ', '五顆星給餐點 非常好吃的泰式料理 信義區巷弄裡 CP值很高的餐廳 ']",110台北市信義區基隆路一段147巷9號
小小麥台北信義店,https://www.google.com.tw/maps/place/%E5%B0%8F%E5%B0%8F%E9%BA%A5%E5%8F%B0%E5%8C%97%E4%BF%A1%E7%BE%A9%E5%BA%97/data=!4m6!3m5!1s0x3442ab66435bb93d:0xb43c5d300b0ee6c8!8m2!3d25.0441418!4d121.5688606!16s%2Fg%2F11hx7gbrjg?authuser=0&hl=zh-TW&rclk=1,4.6,541,"['快，店員服務親切 📍明太子鮮貝烏龍拌麵 119元 📍炙奶油起司烏龍湯麵 139元 ', '肉 份量真的很有誠意 小菜也都很讚 非常適合下酒 而且店家對寵物也很友善 讚讚讚 ', '可樂餅咖哩內餡，中規中矩。雞白湯免費不錯喝，在飲料桶中差點找不到。 ']",11064台北市信義區永吉路30巷75號
香茅廚 微風南山店(Chef Lemongrass Thai Bistro Nanshan),https://www.google.com.tw/maps/place/%E9%A6%99%E8%8C%85%E5%BB%9A+%E5%BE%AE%E9%A2%A8%E5%8D%97%E5%B1%B1%E5%BA%97(Chef+Lemongrass+Thai+Bistro+Nanshan)/data=!4m6!3m5!1s0x3442ab4f247b1d37:0xada4dbc5e94727fa!8m2!3d25.0343073!4d121.5659555!16s%2Fg%2F11j36jg94w?authuser=0&hl=zh-TW&rclk=1,4.7,986,"['鳳梨炒飯很特別 菜色好吃擺盤精美 員工服務態度佳且出菜品質優良 推推 ', '氣氛相當好，用餐環境優美，一家餐廳可以一次滿足泰國料理和台式料理，很推薦 ', '綠咖哩雞肉，辣咖哩牛肉（筋），清蒸鱸魚，月亮蝦餅，都超水準。 ']",110台北市信義區松智路17號4樓
Café del SOL 福岡人氣第一鬆餅,https://www.google.com.tw/maps/place/Caf%C3%A9+del+SOL+%E7%A6%8F%E5%B2%A1%E4%BA%BA%E6%B0%A3%E7%AC%AC%E4%B8%80%E9%AC%86%E9%A4%85/data=!4m6!3m5!1s0x3442ab51df9e88ff:0x3e12dc273e7c2ebf!8m2!3d25.0405778!4d121.5671!16s%2Fg%2F11f9htfnlp?authuser=0&hl=zh-TW&rclk=1,4.1,2183,"['蛋白口感，不甜，搭配抹茶冰淇淋，醬汁, 與奶茶和咖啡 覺得很棒。 ', '主食義大利麵和咖喱飯份量很少，女生也吃不飽的量，只能當做點心。 ', '栗子舒芙蕾套餐的伯爵戚風蛋糕體很乾，要靠上面的卡士達奶油才有辦法入口。 ']","號2樓, No. 68忠孝東路五段信義區台北市110"
古記雞.私房菜.居酒屋,https://www.google.com.tw/maps/place/%E5%8F%A4%E8%A8%98%E9%9B%9E.%E7%A7%81%E6%88%BF%E8%8F%9C.%E5%B1%85%E9%85%92%E5%B1%8B/data=!4m6!3m5!1s0x3442abe14882b549:0x6acd5470ab595a83!8m2!3d25.040532!4d121.572814!16s%2Fg%2F11bx1y_9hp?authuser=0&hl=zh-TW&rclk=1,4.2,919,"['推薦雞肉、松阪豬串燒（明太子、蔥鹽及醬烤）及季節黃魚一夜干 ', '氣氛好.食材紮實. 剝皮辣椒雞翅很推. 小姐正！老闆風趣！ ', '如果冷氣開強點，價格低點，吧台空間大點，應該值得4顆星多點。服務跟菜色不差。 ']",110台北市信義區忠孝東路五段236巷3弄13號
鼎泰豐 遠百信義A13店,https://www.google.com.tw/maps/place/%E9%BC%8E%E6%B3%B0%E8%B1%90+%E9%81%A0%E7%99%BE%E4%BF%A1%E7%BE%A9A13%E5%BA%97/data=!4m6!3m5!1s0x3442abee55b005c1:0x653b1d365b386044!8m2!3d25.0367849!4d121.5679567!16s%2Fg%2F11j8_w0dsq?authuser=0&hl=zh-TW&rclk=1,4.5,1140,"['餐點美味服務好，推薦蝦仁排骨蛋炒飯、小籠包、辣味黃瓜、豆沙小包。 ', '排骨厚口感佳，大推。蝦肉餛飩麵個人很喜歡，麵、蝦肉餛飩品質優，湯頭清爽好喝。 ', '餐廳位置交通方便，等待的時間附近有很多地方可以走走逛逛，服務人員專業又熱誠。 ']",110台北市信義區松仁路58號遠百信義A13一樓
馬辣頂級麻辣鴛鴦火鍋 信義店,https://www.google.com.tw/maps/place/%E9%A6%AC%E8%BE%A3%E9%A0%82%E7%B4%9A%E9%BA%BB%E8%BE%A3%E9%B4%9B%E9%B4%A6%E7%81%AB%E9%8D%8B+%E4%BF%A1%E7%BE%A9%E5%BA%97/data=!4m6!3m5!1s0x3442abb0844fc4f5:0x1915eb1b129c8a8!8m2!3d25.0354574!4d121.5678596!16s%2Fg%2F1v_0ggn4?authuser=0&hl=zh-TW&rclk=1,4.5,4355,"['母親節用餐，服務好，食材新鮮，海鮮類推薦 草蝦。鯛魚，蚵仔。 ', '十分新鲜的肉類，什麼東西也有，啤酒汽水甜品種類多，名牌冰淇淋 ', '服務佳、氣氛好、好吃、飲料、料理配料、冰品多樣化。棒! ']",110台北市信義區松壽路22號3樓
Herbivore Vegan料理,https://www.google.com.tw/maps/place/Herbivore+Vegan%E6%96%99%E7%90%86/data=!4m6!3m5!1s0x3442abbbcf12687d:0x64a5457fdd180360!8m2!3d25.0396539!4d121.5667018!16s%2Fg%2F11gg98tm3t?authuser=0&hl=zh-TW&rclk=1,4.1,840,"['店內的餐具和裝潢氣氛也不錯 但餐點味道在綜合評比中稍微遜色 冰沙蠻好喝的！ ', '茹素者，很怕美墨口味的衝擊，推薦「味增豆腐香菇湯麵」，味道非常像齋麵唷~ ', '如果只是喝茶、咖啡聊天不建議到訪～拿鐵喝不習慣太酸（個人感覺），服務普通。 ']",110台北市信義區松高路19號
英國奶奶•手做料理• Britshake2,https://www.google.com.tw/maps/place/%E8%8B%B1%E5%9C%8B%E5%A5%B6%E5%A5%B6%E2%80%A2%E6%89%8B%E5%81%9A%E6%96%99%E7%90%86%E2%80%A2+Britshake2/data=!4m6!3m5!1s0x3442a7e90023fe77:0x953bde75193e9ad1!8m2!3d25.042273!4d121.566762!16s%2Fg%2F11f_1hrlvm?authuser=0&hl=zh-TW&rclk=1,4.2,1006,"['胃口小的建議不要點太多副餐 甜點部分都很好吃，個人最喜歡的是起司蛋糕和司康 ', '味道普通、餐廳桌距偏窄、出餐慢、員工訓練需要加強、餐具衛生可加強、廁所非常乾淨。 ', '下午茶的套餐cp值很高，適合女孩/女人聚會的好地方。 ']",110台北市信義區基隆路一段147巷28號
十二籃粥火鍋 逸仙店,https://www.google.com.tw/maps/place/%E5%8D%81%E4%BA%8C%E7%B1%83%E7%B2%A5%E7%81%AB%E9%8D%8B+%E9%80%B8%E4%BB%99%E5%BA%97/data=!4m6!3m5!1s0x3442abb903676b8b:0x591fa610d920ea28!8m2!3d25.0404799!4d121.5629965!16s%2Fg%2F11b6shcbq_?authuser=0&hl=zh-TW&rclk=1,4.3,1134,"['蝦蟹新鮮好吃，桌邊料理服務好，價格略高但值得，愛吃螃蟹🦀️不會失望👍 ', '其他部分就普通，吃新鮮。湯底最後拿去煮稀飯，鹹一點。有冰品沒飲料。 ', '粥品好吃，口感不會過濃，米飯也煮的恰到好處，氛圍適合與同事朋友或家人一起聚餐！ ']",110台北市信義區逸仙路50巷28號
waku waku pasta 市府店,https://www.google.com.tw/maps/place/waku+waku+pasta+%E5%B8%82%E5%BA%9C%E5%BA%97/data=!4m6!3m5!1s0x3442ab5c8bc6b4af:0xc0d5c201f4f37922!8m2!3d25.0397197!4d121.5658739!16s%2Fg%2F11rbskvdf4?authuser=0&hl=zh-TW&rclk=1,4.5,511,"['鮮蝦蕃茄奶油細扁麵好吃～～ 焙茶戚風蛋糕口感綿密濕潤、茶味濃厚，值得一試🥰 ', '令人眼睛一亮的網美餐廳 食物和環境都給五顆星 生意很好記得訂位 ', '青醬松子雞肉細扁麵,醬汁濃郁義大利麵軟硬適中很不錯,琥珀三溫糖布丁也好吃！ ']",110台北市信義區松高路11號號4F
草蔬宴義式蔬食餐廳,https://www.google.com.tw/maps/place/%E8%8D%89%E8%94%AC%E5%AE%B4%E7%BE%A9%E5%BC%8F%E8%94%AC%E9%A3%9F%E9%A4%90%E5%BB%B3/data=!4m6!3m5!1s0x3442a95e6440b841:0x4546827ac57d0ad3!8m2!3d25.0430044!4d121.5628452!16s%2Fg%2F11cn8ymskf?authuser=0&hl=zh-TW&rclk=1,4.5,1362,"['羅勒香青醬麵跟墨西哥烤餅跟南瓜濃湯都超好吃的、很香濃！五顆星！ ', '環境整潔，氣氛&人員服務態度佳 人多時上菜速度略慢，部分餐點份量略少 ', '東西不難吃，單價高，但收10%服務費，點菜告訴服務員，送餐到桌上，再来就沒服務 ']",110台北市信義區忠孝東路四段553巷18號
一品活蝦市府店,https://www.google.com.tw/maps/place/%E4%B8%80%E5%93%81%E6%B4%BB%E8%9D%A6%E5%B8%82%E5%BA%9C%E5%BA%97/data=!4m6!3m5!1s0x3442abbc9e631bfd:0x62b308f1da6cd939!8m2!3d25.0412045!4d121.5695249!16s%2Fg%2F11b77q53tf?authuser=0&hl=zh-TW&rclk=1,4.2,676,"['蝦子料理真不錯，青菜相對很便宜，胡椒蝦超級入味，鹹蛋黃口味非常好吃，座位偏少。 ', '蛤蜊雞湯好吃、三杯雞太鹹、希望有提供毛巾 ', '距離捷運站近，市區裡面少數的活蝦餐廳，價位偏高 ']",110台北市信義區忠孝東路五段195號
滇味廚房,https://www.google.com.tw/maps/place/%E6%BB%87%E5%91%B3%E5%BB%9A%E6%88%BF/data=!4m6!3m5!1s0x3442abbc843d6191:0x3a08997c11e0de43!8m2!3d25.0414748!4d121.5686372!16s%2Fg%2F1tx131v5?authuser=0&hl=zh-TW&rclk=1,4.1,1130,"['第一次吃過橋米線 湯很清爽，砂鍋很燙食物很鮮 椒麻雞很推薦 老闆服務人員都很親切 ', '推叉燒麵，酸辣海鮮調味很剛好，炒青菜好吃 椒麻雞滿普通的 #相機後食 ', '味道還行 大薄片裡面有頭髮 吃到一半桌上爬了一隻小蟑螂 衛生堪慮 ']",110台北市信義區忠孝東路五段71巷3弄2號
京都勝牛-信義新光A11店,https://www.google.com.tw/maps/place/%E4%BA%AC%E9%83%BD%E5%8B%9D%E7%89%9B-%E4%BF%A1%E7%BE%A9%E6%96%B0%E5%85%89A11%E5%BA%97/data=!4m6!3m5!1s0x3442ab8ca124fa19:0xa4a8e4e678111a78!8m2!3d25.0365446!4d121.5672369!16s%2Fg%2F11fd51768g?authuser=0&hl=zh-TW&rclk=1,4.1,1889,"['牛排沾玫瑰鹽比較好吃，其它的醬汁其實沒啥特別的記憶點，飯煮得很好吃不會太爛太濕。 ', '當日中午點了午間邀內豬排套餐加購111燒烤牛肉盤&黑糖珍珠奶酪 1. ', '餐點滿好吃，上菜速度也快。葡萄氣泡水好喝不甜膩，當月壽星有招待飲品與甜點！ ']",11051台北市信義區松壽路11號B2
TAMED FOX XINYI,https://www.google.com.tw/maps/place/TAMED+FOX+XINYI/data=!4m6!3m5!1s0x3442aba3de2ab327:0xa714062955bba236!8m2!3d25.0369882!4d121.5692982!16s%2Fg%2F11hlc6y4ck?authuser=0&hl=zh-TW&rclk=1,4.3,592,"['燻鮭魚酪梨三明治、迷迭香蜂蜜香煎雞腿碗好吃，夏天戶外有些熱，餐具水需自助 ', '餐廳為寵物友善餐廳，很多人帶寵物來這裡活動曬太陽，室內也有狗狗陪主人打電腦:) ', '健康有機美式風格咖啡廳 原來信義安和的咖啡店，新開幕分店在信義區。 ']",110台北市信義區松仁路91號B1
武鼎越豐,https://www.google.com.tw/maps/place/%E6%AD%A6%E9%BC%8E%E8%B6%8A%E8%B1%90/data=!4m6!3m5!1s0x3442abbc8861d52d:0xc3d77c1dbab65d64!8m2!3d25.0418167!4d121.5687979!16s%2Fg%2F1thxsxz8?authuser=0&hl=zh-TW&rclk=1,4.2,2449,"['蟹肉茄汁米粉 沒有螃蟹但有蝦子跟豬肋排、豬肝 味道沒什麼特色 但還不錯 ', '泰式酸辣牛肉河粉，除了牛肉口感較柴外，湯頭濃郁好喝，河粉的份量也夠。 ', '東西好吃 但環境不佳 桌與桌的距離非常接近 店內燈光昏暗 看不清楚碗內食物 ']",110台北市信義區永吉路30巷167弄2號
初牛 台北松德店,https://www.google.com.tw/maps/place/%E5%88%9D%E7%89%9B+%E5%8F%B0%E5%8C%97%E6%9D%BE%E5%BE%B7%E5%BA%97/data=!4m6!3m5!1s0x3442aba4539d4751:0xb462e8d291b787f1!8m2!3d25.0374025!4d121.5744763!16s%2Fg%2F11gzh8tgl?authuser=0&hl=zh-TW&rclk=1,4.2,1123,"['配菜豐富去吃自助餐就好啦😁 #碳烤厚切牛排丼 #續飯無限 #牛肉蘿蔔豆腐湯無限 ', '應該是第一家分店，價錢划算，服務品質也好，店內座位也夠多，戶外等待區有椅子 ', '很愛店內免費提供的牛肉湯，肉大塊菜料又多，丼飯份量十足。 ']",11075台北市信義區松德路126號
隨意商務酒吧 隨意吧 101-36F,https://www.google.com.tw/maps/place/%E9%9A%A8%E6%84%8F%E5%95%86%E5%8B%99%E9%85%92%E5%90%A7+%E9%9A%A8%E6%84%8F%E5%90%A7+101-36F/data=!4m6!3m5!1s0x3442abb6da80a7ad:0x22f7d31f4f2dc68b!8m2!3d25.0337675!4d121.5648602!16s%2Fg%2F1pzx6fxkq?authuser=0&hl=zh-TW&rclk=1,4.2,504,"['景色很棒！商業午餐價格親民！主菜跟沙拉都好吃，份量足夠，咖啡也很好喝！ ', '空間不大，不過五臟俱全 餐點ok醬汁口味偏重 巧克力蛋糕有點甜膩🍫 ', '服務親切，讓人感覺到溫度，餐廳窗外景色好，天氣好可以遠望都市風情，食材新鮮好吃 ']",110台北市信義區信義路五段7號
BURGER OUT,https://www.google.com.tw/maps/place/BURGER+OUT/data=!4m6!3m5!1s0x3442ab3840592b03:0xc668a05950184f80!8m2!3d25.0431622!4d121.5630698!16s%2Fg%2F11fhv3pgdx?authuser=0&hl=zh-TW&rclk=1,4.7,504,"['韓式辣椒醬炸雞漢堡$160+50 即可升級套餐，附贈薯條 飲料，可續杯。 ', '「只收現金」 餐點、環境、服務都很棒 但是店內油煙味很重，待久了聞得很不舒服 ', '店面裝潢用心 店員服務親切 地區來說價格親民 漢堡好吃 套餐吃的飽🤤 ']",11072台北市信義區忠孝東路四段553巷22弄2號
くら寿司 藏壽司 微風松高店,https://www.google.com.tw/maps/place/%E3%81%8F%E3%82%89%E5%AF%BF%E5%8F%B8+%E8%97%8F%E5%A3%BD%E5%8F%B8+%E5%BE%AE%E9%A2%A8%E6%9D%BE%E9%AB%98%E5%BA%97/data=!4m6!3m5!1s0x3442aba9b73a40f1:0xbce945b09f151877!8m2!3d25.0387076!4d121.56729!16s%2Fg%2F11j0vfttb6?authuser=0&hl=zh-TW&rclk=1,4.2,1538,"['豆皮烏龍麵全台灣最美味最便宜 先吃一碗 就不會花太多錢亂點生魚片 ', '分店品質維持良好，米飯好吃不會過乾與食材分開，海鮮新鮮是必須的，服務態度友善 ', '這家cp值高，東西好吃，最近試麵類湯頭也不錯，扭蛋也推。 ']",110台北市信義區松高路16號B1
遠百信義A13 炸牛元村,https://www.google.com.tw/maps/place/%E9%81%A0%E7%99%BE%E4%BF%A1%E7%BE%A9A13+%E7%82%B8%E7%89%9B%E5%85%83%E6%9D%91/data=!4m6!3m5!1s0x3442abd73406020f:0x108ae556320dab25!8m2!3d25.0368737!4d121.5679503!16s%2Fg%2F11j7y1tcjg?authuser=0&hl=zh-TW&rclk=1,4.8,2402,"['第一次吃炸牛肉，口味很特殊，口感不錯很好下飯，飯湯小菜高麗菜也是無限量供應。 ', '餐點特色的地方，可以自己DIY石板烤肉，現在有打卡活動送飲料哦！ ', '肉質鮮嫩、生菜清爽、湯頭濃郁，跟在日本吃的炸牛排不相上下，很值得推薦！ ']","10F, 炸牛 元村 遠百信義A13店, No. 58號松仁路信義區台北市11073"
麵食主義 KIRIN PASTA 忠孝店,https://www.google.com.tw/maps/place/%E9%BA%B5%E9%A3%9F%E4%B8%BB%E7%BE%A9+KIRIN+PASTA+%E5%BF%A0%E5%AD%9D%E5%BA%97/data=!4m6!3m5!1s0x3442abbc9d4a7c97:0x309e45eb1477a007!8m2!3d25.0412245!4d121.5691288!16s%2Fg%2F1tdbzbjx?authuser=0&hl=zh-TW&rclk=1,4.1,1170,"['東西種類多，有燉飯、義大利麵、焗飯pizza等，份量足，好吃 ', '曾在中壢中原大學落腳的麵食主義，他們家獨特的辣椒醬，非常好吃 cp值高。 ', '奶油海鮮麵料超豐富，榴槤披薩有香氣但不會濕濕爛爛的。 ']",110台北市信義區忠孝東路五段181號
一幻拉麵 台北信義店,https://www.google.com.tw/maps/place/%E4%B8%80%E5%B9%BB%E6%8B%89%E9%BA%B5+%E5%8F%B0%E5%8C%97%E4%BF%A1%E7%BE%A9%E5%BA%97/data=!4m6!3m5!1s0x3442abb086a12369:0xe11794025d2da997!8m2!3d25.0354792!4d121.5681028!16s%2Fg%2F11bwpz7q3x?authuser=0&hl=zh-TW&rclk=1,4.2,3852,"['很濃郁的湯頭，整碗湯都是蝦味，口味偏鹹，餃子好吃，裡面有蝦子！ ', '鮮蝦原味鹽味細麵加麵，叉燒飯，煎餃。份量少，膩。不能刷卡 ', '服務人員態度很差 改變服務流程卻不做說明 店內有位子 叫客人在外等待卻不說明原因 ']",110台北市信義區松壽路30號1樓
一蘭 台灣台北別館,https://www.google.com.tw/maps/place/%E4%B8%80%E8%98%AD+%E5%8F%B0%E7%81%A3%E5%8F%B0%E5%8C%97%E5%88%A5%E9%A4%A8/data=!4m6!3m5!1s0x3442ab9922acc39f:0xbe47e0c022a5a737!8m2!3d25.0363184!4d121.5673263!16s%2Fg%2F11f5v5zxs8?authuser=0&hl=zh-TW&rclk=1,4.2,4665,"['湯頭跟麵條與日本口味差不多，還原度不錯， 但叉燒偏柴，座位空間比日本還小。 ', '此店為一蘭拉麵台灣的第二家分店，店家位於新光三越A11館地下一樓，交通更為便利。 ', '位置真的很小，座椅固定的。這間的品質感覺2266，飲用水維修中。麵本身品質還行。 ']",110台北市信義區松壽路11號
男子漢拉麵食堂-信義永春店,https://www.google.com.tw/maps/place/%E7%94%B7%E5%AD%90%E6%BC%A2%E6%8B%89%E9%BA%B5%E9%A3%9F%E5%A0%82-%E4%BF%A1%E7%BE%A9%E6%B0%B8%E6%98%A5%E5%BA%97/data=!4m6!3m5!1s0x3442aba3ed2f9dfb:0xa707a32245b24e87!8m2!3d25.0404201!4d121.5755533!16s%2Fg%2F11dyzlt7km?authuser=0&hl=zh-TW&rclk=1,4.1,766,"['環境乾淨，這價位就能吃到這湯頭(豚骨底)濃厚、叉燒大片、麵條口感，讚 ', '飲料有冬瓜茶跟水，座位距離蠻寬的，有廁所。 ', '不要坐門口進去直直走最裡面的位置 其他地方都有訊號只有那裡一格都沒 ']",110台北市信義區虎林街132巷42號
辛巴適麻辣鍋-台北1號店,https://www.google.com.tw/maps/place/%E8%BE%9B%E5%B7%B4%E9%81%A9%E9%BA%BB%E8%BE%A3%E9%8D%8B-%E5%8F%B0%E5%8C%971%E8%99%9F%E5%BA%97/data=!4m6!3m5!1s0x3442ab36ba112da3:0x2016e22b3bbc0d15!8m2!3d25.035259!4d121.5660561!16s%2Fg%2F11rkn4kpq8?authuser=0&hl=zh-TW&rclk=1,4.7,1782,"['看到菜單，需跟服務人員點餐，醬料、飲料、麵條、冰品、炸物可自行取用。 ', '菜色豐富多樣，肉品選擇多，甜點飲料也都很棒，特別推薦Loca剝蝦服務很貼心 ', '還把牛肉疊成花XD 牛肉品質很不錯，同行的友人也表示豬鴨好吃。 ']",110台北市信義區松壽路12號5 樓
佳佳甜品 - 基隆路店,https://www.google.com.tw/maps/place/%E4%BD%B3%E4%BD%B3%E7%94%9C%E5%93%81+-+%E5%9F%BA%E9%9A%86%E8%B7%AF%E5%BA%97/data=!4m6!3m5!1s0x3442abbc1d08e847:0x7c88f489b9583bf4!8m2!3d25.0426428!4d121.565769!16s%2Fg%2F11gfb51tnf?authuser=0&hl=zh-TW&rclk=1,4.2,1383,"['附近不好停車 建議搭大眾交通工具 甜點單價較高 不過好吃口味多種 夏天吃清涼消暑 ', '西米露跟芝麻糊雙拼 兩種濃郁口感 店內窗明几淨 份量也蠻適合做為飯後小點心🥧 ', '芝麻糊 冰的好好吃 桌子 椅子的木頭很美 餐具用的碗跟湯匙也很可愛 ']",110台北市信義區基隆路一段145-2號
瑞記海南雞飯 永吉店,https://www.google.com.tw/maps/place/%E7%91%9E%E8%A8%98%E6%B5%B7%E5%8D%97%E9%9B%9E%E9%A3%AF+%E6%B0%B8%E5%90%89%E5%BA%97/data=!4m6!3m5!1s0x3442abbcf31a26af:0x4442dadec4b8659!8m2!3d25.0426123!4d121.5689528!16s%2Fg%2F11c6cj5ppv?authuser=0&hl=zh-TW&rclk=1,4.1,1886,"['雞腿肉好吃，肉量很多，吃完很滿足 不過最近雞腿飯和青菜都漲價了，扣一顆星 ', '雞肉肉質鮮嫩，喜歡雞皮跟雞肉間滑嫩的雞凍， 搭配青蔥醬跟酸辣醬也能換換口味。 ', '餐廳廁所蚊子很多，用餐位置黏黏油油的感覺，不適合兒童，衛生有待改進！ ']",110台北市信義區永吉路30巷145號
Orchid Restaurant 蘭,https://www.google.com.tw/maps/place/Orchid+Restaurant+%E8%98%AD/data=!4m6!3m5!1s0x3442abccc5140f6b:0x764247a61d671fa9!8m2!3d25.0300871!4d121.5521719!16s%2Fg%2F11c51cdfhh?authuser=0&hl=zh-TW&rclk=1,4.4,1115,"['重新裝潢後覺得氛圍更棒了， 食物也很好， 喜歡生蠔，海鮮 和牛肉派 ', '威靈頓牛排真好吃，酥皮包 鴨肝*黑松露*菲力，餐點有特色，環境優，服務佳 ', '有專業的侍酒師介紹香檳、白酒、清酒、紅酒陸續詳細酒類並搭配不同菜色。 ']",106台北市大安區安和路二段83號
蘇阿姨比薩屋,https://www.google.com.tw/maps/place/%E8%98%87%E9%98%BF%E5%A7%A8%E6%AF%94%E8%96%A9%E5%B1%8B/data=!4m6!3m5!1s0x3442abc7d162c2b9:0x4fd9d539b2ed4916!8m2!3d25.0391419!4d121.5574355!16s%2Fg%2F11bttbxgr0?authuser=0&hl=zh-TW&rclk=1,4.1,7861,"['本次點餐：意大利麵、炸雞馬鈴薯、海鮮pizza鬆餅、某pizza薄餅。 ', '披薩鬆厚餅皮外表酥脆，裡面鬆軟，很棒的口感～ 人潮眾多，記得先來拿號碼牌～ ', '名氣大於食物的品質，味道普通，建議多花一點錢去吃好一點的餐廳。 ']",106台北市大安區光復南路300號
樂軒和牛專門店,https://www.google.com.tw/maps/place/%E6%A8%82%E8%BB%92%E5%92%8C%E7%89%9B%E5%B0%88%E9%96%80%E5%BA%97/data=!4m6!3m5!1s0x3442abd02ee26d6d:0xa56c5cdee2a2b00f!8m2!3d25.0386596!4d121.5476777!16s%2Fg%2F11c20clfsh?authuser=0&hl=zh-TW&rclk=1,4.7,2482,"['牛肉和副餐的品質都非常好，我們那桌的服務人員專業親切，會介紹各種肉品的特色 ', '、水果沙拉、飯後甜點的水信玄餅都非常棒，謝謝TJ桌邊細心服務～ ', '套餐的份量很夠，建議要吃烏龍麵，麵條口感很好，湯頭也很優。 ']",106台北市大安區仁愛路四段91巷9號
香宮 Shang Palace - 台北遠東香格里拉,https://www.google.com.tw/maps/place/%E9%A6%99%E5%AE%AE+Shang+Palace+-+%E5%8F%B0%E5%8C%97%E9%81%A0%E6%9D%B1%E9%A6%99%E6%A0%BC%E9%87%8C%E6%8B%89/data=!4m6!3m5!1s0x3442aa2eaaaaaaab:0xb8495ae28d56bcb7!8m2!3d25.026403!4d121.5494!16s%2Fg%2F1tf5y_cz?authuser=0&hl=zh-TW&rclk=1,4.3,1652,"['親切的服務、食材新鮮、烤鴨皮脆肉不乾才好吃，鴨粥濃郁香氣十足，值得推薦。 ', '環境非常氣質優雅，服務人員專業，菜色精緻味道也是很棒! 非常不錯的地方!👍 ', '餐廳氣氛佳，服務生親切、平易近人，今晚餐讓人心情放鬆~ ']",106台北市大安區敦化南路二段201號6樓
囍聚精緻鍋物,https://www.google.com.tw/maps/place/%E5%9B%8D%E8%81%9A%E7%B2%BE%E7%B7%BB%E9%8D%8B%E7%89%A9/data=!4m6!3m5!1s0x3442abc0d5c0fd01:0xcfeb978e0a3990db!8m2!3d25.044234!4d121.557182!16s%2Fg%2F11cksfd4lv?authuser=0&hl=zh-TW&rclk=1,4.4,1475,"['甘菊茶 主食：白飯或烏龍麵 甜點：芒果葡萄柚露或白木耳湯 ☑️最後可以煮粥！ . ', '食材澎湃，牛肉油花很香、蝦肉Q彈。服務人員非常貼心、細心，整體用餐品質很不錯。 ', '環境舒適乾淨，海鮮很新鮮菜盤份量很多，用餐的過程介紹仔細，桌邊服務也讓人覺得舒適 ']",10694台北市大安區光復南路72巷7弄17號
好米亞餐酒館,https://www.google.com.tw/maps/place/%E5%A5%BD%E7%B1%B3%E4%BA%9E%E9%A4%90%E9%85%92%E9%A4%A8/data=!4m6!3m5!1s0x3442abbc8d7d2d97:0xaa5c74446a7bdd04!8m2!3d25.0388512!4d121.5479078!16s%2Fg%2F1hc21j44g?authuser=0&hl=zh-TW&rclk=1,4.3,2343,"['「法式油封脆皮鴨腿」和「爐烤海龍蝦搭配蟹肉海膽醬汁細扁麵」都好好吃。 ', '餐點價位偏高，德國豬腳與羊膝好吃，牛排較為普通，檸檬塔不錯，千層蛋糕較為普通 ', '戰斧豬排紮實，肉質多汁夠嫩；甜點檸檬派和水果千層口感清爽不甜膩，好吃❤️ ']",106台北市大安區敦化南路一段270巷6號
新光三越 台北信義新天地A8,https://www.google.com.tw/maps/place/%E6%96%B0%E5%85%89%E4%B8%89%E8%B6%8A+%E5%8F%B0%E5%8C%97%E4%BF%A1%E7%BE%A9%E6%96%B0%E5%A4%A9%E5%9C%B0A8/data=!4m6!3m5!1s0x3442abbbb609d58f:0xe2c9f37a7617f94a!8m2!3d25.0382454!4d121.5668708!16s%2Fg%2F11b6yllj7j?authuser=0&hl=zh-TW&rclk=1,4.3,9917,"['貨品齊全，兒童遊樂區很棒，玩具區很受小朋友喜愛，家長與小孩同樂的好去處。 ', '全國大百貨中，信義商圈精品連鎖館，享受好的購物環境。 ', '4~5樓親子樓層好逛，露台還有小火車，溜滑梯，電動車可玩1次30 ']",110台北市信義區松高路12號
新光三越 台北信義新天地A9,https://www.google.com.tw/maps/place/%E6%96%B0%E5%85%89%E4%B8%89%E8%B6%8A+%E5%8F%B0%E5%8C%97%E4%BF%A1%E7%BE%A9%E6%96%B0%E5%A4%A9%E5%9C%B0A9/data=!4m6!3m5!1s0x3442abba0bb02553:0x5848fb582c35b88f!8m2!3d25.0366706!4d121.5667018!16s%2Fg%2F11cn9gf8qx?authuser=0&hl=zh-TW&rclk=1,4.3,5620,"['商品種類齊全 購物動線順暢 會員制度與App設計良好 適合全家大小購物餐飲 ', '熟成牛排好吃，服務很優，點心好吃，蘋果塔太甜，氣泡水good! ', '美食百貨精品好逛好吃地方，是適合全家走走買買的好地方。 ']",110台北市信義區松壽路9號
品湯。白色麻辣鍋專賣店,https://www.google.com.tw/maps/place/%E5%93%81%E6%B9%AF%E3%80%82%E7%99%BD%E8%89%B2%E9%BA%BB%E8%BE%A3%E9%8D%8B%E5%B0%88%E8%B3%A3%E5%BA%97/data=!4m6!3m5!1s0x3442abcc87c2e409:0xf60a48118c83f4f3!8m2!3d25.0316524!4d121.5536102!16s%2Fg%2F11c5rpzb11?authuser=0&hl=zh-TW&rclk=1,4.2,887,"['湯頭很有特色，肉也很優質，甜點很好吃，可惜服務稍嫌冷淡，店內位子不多要先訂位！ ', '濕氣重問題。是一間食材用心的店面，希望店家可以改善用餐環境。 ', '牛肉、松阪豬、海鮮 食材新鮮好吃，湯頭美味 白色裝潢帶女生友人非常適合 ']",106台北市大安區通化街24巷3號
Le Blanc,https://www.google.com.tw/maps/place/Le+Blanc/data=!4m6!3m5!1s0x3442abd187b1a7d5:0x847e9fe4e777d905!8m2!3d25.0361914!4d121.5461664!16s%2Fg%2F11cjg4fpzl?authuser=0&hl=zh-TW&rclk=1,4.4,2699,"['餐點雖然選擇只有牛排,龍蝦及漢堡,但所有料理包括沙拉,甜點及飲料都美味 ', '牛排肉質不錯，口味偏鹹，裝潢風格有特色，沒兒童餐具，也沒兒童椅。不喜歡消費方式 ', '#建議 上餐時或點餐前店員可以多向客人介紹餐點，或是湯品使用的原料，會較佳。 ']",106台北市大安區大安路一段183號
LeTAO小樽洋菓子舖 松菸店,https://www.google.com.tw/maps/place/LeTAO%E5%B0%8F%E6%A8%BD%E6%B4%8B%E8%8F%93%E5%AD%90%E8%88%96+%E6%9D%BE%E8%8F%B8%E5%BA%97/data=!4m6!3m5!1s0x3442abbedec4bc8d:0x3580c338232f346c!8m2!3d25.043671!4d121.562916!16s%2Fg%2F11b7l5j5sx?authuser=0&hl=zh-TW&rclk=1,4.1,1256,"['北海道甜點超讚，尤其是原味起司蛋糕，奶味很濃郁! 義大利麵的口感也和外面不一樣 ', '很貼心，入場提供的水是熱水。熱茶有套子保溫，店裡的裝潢很別緻溫暖，鬆餅非常香。 ', '厚培根溫泉蛋奶油蝦義大利麵-5顆星星 烤雞肉青醬蘑菇燉飯-3.5顆星星 ']",110台北市信義區忠孝東路四段553巷30號
Toh-A 桌藏餐廳,https://www.google.com.tw/maps/place/Toh-A+%E6%A1%8C%E8%97%8F%E9%A4%90%E5%BB%B3/data=!4m6!3m5!1s0x3442aa288c2ef325:0x35748fa78d8f21cf!8m2!3d25.0224298!4d121.540362!16s%2Fg%2F11cjkq32ld?authuser=0&hl=zh-TW&rclk=1,4.4,950,"['主菜宜蘭鴨腿佐台灣泡菜及芝麻葉，吃起來蠻像德國豬腳的口感，喜歡鴨腿皮的油膩。 ', 'cp值高的法式中餐廳，有創意而給台式中菜新的生命。從前菜到最後的甜點都很讚。 ', '湯——砂鍋牛肉蔬菜湯：口味稍鹹。能喝到蔬菜的自然甜味，牛肉切成適口的薄片。 ']",106台北市大安區和平東路二段76巷23弄9號
紅九九個人麻辣鴛鴦鍋,https://www.google.com.tw/maps/place/%E7%B4%85%E4%B9%9D%E4%B9%9D%E5%80%8B%E4%BA%BA%E9%BA%BB%E8%BE%A3%E9%B4%9B%E9%B4%A6%E9%8D%8B/data=!4m6!3m5!1s0x3442abf7c5764b9b:0x6e1ac01440cd5799!8m2!3d25.0521097!4d121.5563655!16s%2Fg%2F11f66h32mp?authuser=0&hl=zh-TW&rclk=1,4.7,1418,"['蠻熱門的店，個人鍋的食材不錯，有提供冰紅茶，麻辣鍋鍋底的鴨血豆腐可以無限續。 ', '東西不錯吃，沒有加工多的火鍋料，甜點咖啡牛奶冰淇淋超好吃！ ', '食物有品質，量中庸適合女孩子，老闆的服務態度滿分，還很可愛 ']",105台北市松山區南京東路四段179巷3號
台北寒舍艾美酒店,https://www.google.com.tw/maps/place/%E5%8F%B0%E5%8C%97%E5%AF%92%E8%88%8D%E8%89%BE%E7%BE%8E%E9%85%92%E5%BA%97/data=!4m6!3m5!1s0x3442abba50d70b7b:0x313d65ce289c8267!8m2!3d25.0382!4d121.567965!16s%2Fg%2F12mkyl3mw?authuser=0&hl=zh-TW&rclk=1,4.3,7665,[],110台北市信義區松仁路38號
WOOBAR,https://www.google.com.tw/maps/place/WOOBAR/data=!4m6!3m5!1s0x3442abb95768ddc1:0xc1aa2c9cc269375a!8m2!3d25.040568!4d121.5657577!16s%2Fg%2F1tg4j22f?authuser=0&hl=zh-TW&rclk=1,4.2,601,"['適合情侶或夫妻來慶祝週年or生日，天氣好還可以在戶外享受自然風薰陶及泳池水聲 ', '服務好早餐食物很棒很好吃現點現做，主管處理突發狀況應變能力很滿意 ', '外場員工對調酒知識不是很專業，問的問題基本上都還要再次詢問同事後才能有答覆。 ']",110台北市信義區忠孝東路五段10號10F
上海醉月樓,https://www.google.com.tw/maps/place/%E4%B8%8A%E6%B5%B7%E9%86%89%E6%9C%88%E6%A8%93/data=!4m6!3m5!1s0x3442aa32657dac5d:0xcbaa0c068253de21!8m2!3d25.0264311!4d121.5493234!16s%2Fg%2F1td15jjz?authuser=0&hl=zh-TW&rclk=1,4.4,666,"['位於遠東國際大飯店39樓層，裝潢新穎視野開闊夜晚景色優美，用餐氣氛佳服務親切。 ', '我最喜歡的餐廳之一，包廂氣氛好，景美，服務佳，餐食棒 ', '場地非常好,在高樓欣賞夜景十分浪漫. 單點招牌的上海菜勝過桌菜及套餐。 ']",106台北市大安區敦化南路二段201號
巴雷巴雷印度餐廳,https://www.google.com.tw/maps/place/%E5%B7%B4%E9%9B%B7%E5%B7%B4%E9%9B%B7%E5%8D%B0%E5%BA%A6%E9%A4%90%E5%BB%B3/data=!4m6!3m5!1s0x3442abc02f6fed27:0xbfc4969ffc8be3e7!8m2!3d25.0486993!4d121.5576634!16s%2Fg%2F1hm4zqsrv?authuser=0&hl=zh-TW&rclk=1,4.8,5957,"['餐點跟服務很好，白醬窯烤嫩雞塊有炭烤香，羊肉咖哩肉質軟嫩，搭配烤餅很合胃口。 ', '推薦菠菜咖喱雞與無骨鯛魚，招待甜點開心果牛奶冰淇淋鹹甜好吃很特別～ ', '雞肉很嫩～ 芒果優格推推 整體口味建議再淡一點較符合台灣市場 ']",105台北市松山區光復北路12號1樓
三明治 Liquid Bread Company,https://www.google.com.tw/maps/place/%E4%B8%89%E6%98%8E%E6%B2%BB+Liquid+Bread+Company/data=!4m6!3m5!1s0x3442abc97f34fe9f:0x11ac2d502f3d61a0!8m2!3d25.0337323!4d121.556862!16s%2Fg%2F11fxw9y0cz?authuser=0&hl=zh-TW&rclk=1,4.2,819,"['抹醬一面是墨西哥辣椒醬，一面是玉米洋蔥沙拉佐檸檬汁，中間鹹香軟爛墨式燉肉。 ', '店內飲品提供黑咖啡、礦泉水、果汁與啤酒。 ', '食材新鮮美味 漢堡內的料 豐富且多汁 環境舒適衛生 服務人員親切☺️ ']",106台北市大安區延吉街270號
欣葉日本料理 健康店,https://www.google.com.tw/maps/place/%E6%AC%A3%E8%91%89%E6%97%A5%E6%9C%AC%E6%96%99%E7%90%86+%E5%81%A5%E5%BA%B7%E5%BA%97/data=!4m6!3m5!1s0x3442abeb768111f5:0x2cf58554d37a44bf!8m2!3d25.0533781!4d121.5574234!16s%2Fg%2F1pzt2vhns?authuser=0&hl=zh-TW&rclk=1,4.1,6963,"['菜色多樣，湯頭棒，甜點，咖啡，美酒，壽司，海苔捲，牛排，甜蝦，等等吃的好不過癮~ ', '取餐區因人太多 顯擁擠，生魚片海鮮 都很新鮮，熟食種類少了點，甜點沒想像中好吃 ', '價格不貴，同價位之餐飲屬優，CP值高，提供臺灣啤酒等酒類飲料，適得團體聚會。 ']",105台北市松山區健康路156號
M One Cafe 大安館,https://www.google.com.tw/maps/place/M+One+Cafe+%E5%A4%A7%E5%AE%89%E9%A4%A8/data=!4m6!3m5!1s0x3442abd0fd56f535:0x9d41241a8bfd083!8m2!3d25.0388726!4d121.5450851!16s%2Fg%2F11gz9vdh3?authuser=0&hl=zh-TW&rclk=1,4.3,2335,"['什錦蛋捲好吃 法國吐司火雞火腿起士三明治 好吃 但環境吵雜 還是推👍 ', '非常棒的美式餐廳咖啡店 食物美味 服務超棒 CP值超高 力推的好店 ', '外觀像飯店（以為來錯地方～餐點特別、份量足夠價位合理、有停車場就滿分了～ ']",106台北市大安區仁愛路四段27巷6-1號
啜飲室 Landmark (Craft Beer Taproom 精釀啤酒專賣店),https://www.google.com.tw/maps/place/%E5%95%9C%E9%A3%B2%E5%AE%A4+Landmark+(Craft+Beer+Taproom+%E7%B2%BE%E9%87%80%E5%95%A4%E9%85%92%E5%B0%88%E8%B3%A3%E5%BA%97)/data=!4m6!3m5!1s0x3442abbbc0632e07:0x5836c1f514fd0ff4!8m2!3d25.040247!4d121.566773!16s%2Fg%2F11cm05ybr4?authuser=0&hl=zh-TW&rclk=1,4.5,1074,"['在信義區的夜晚，這裡絕對是一個可以讓很放鬆的地方，不僅音樂超好聽～氣氛也很棒。 ', '店員們很專業，推薦款式都很適合也很好喝！是個與同事朋友喝一杯的好去處！ ', '大部分店員會主動詢問想要喝的種類，並依據喜好做介紹，不會讓人有壓力。 ']",110台北市信義區忠孝東路五段68號
