店名,網址,星級,評論
ABV Bar & Kitchen 加勒比海餐酒館 啤 酒餐廳 精釀啤 酒 加勒比海料理 南美洲料理,https://www.google.com.tw/maps/place/ABV+Bar+%26+Kitchen+%E5%8A%A0%E5%8B%92%E6%AF%94%E6%B5%B7%E9%A4%90%E9%85%92%E9%A4%A8+%E5%95%A4+%E9%85%92%E9%A4%90%E5%BB%B3+%E7%B2%BE%E9%87%80%E5%95%A4+%E9%85%92+%E5%8A%A0%E5%8B%92%E6%AF%94%E6%B5%B7%E6%96%99%E7%90%86+%E5%8D%97%E7%BE%8E%E6%B4%B2%E6%96%99%E7%90%86/data=!4m6!3m5!1s0x3442abc5e5cc8e03:0xa58081d43316cce4!8m2!3d25.0404828!4d121.5524223!16s%2Fg%2F11byyrr0kv?authuser=0&hl=zh-TW&rclk=1,4.4,"1,803"
French Windows British Teahouse 琺蘭綺瑥朵英式茶餐館,https://www.google.com.tw/maps/place/French+Windows+British+Teahouse+%E7%90%BA%E8%98%AD%E7%B6%BA%E7%91%A5%E6%9C%B5%E8%8B%B1%E5%BC%8F%E8%8C%B6%E9%A4%90%E9%A4%A8/data=!4m6!3m5!1s0x3442abbbfeda0867:0x30f250fd1290f96b!8m2!3d25.0433253!4d121.5634186!16s%2Fg%2F1pzq600pk?authuser=0&hl=zh-TW&rclk=1,4.8,"3,518"
JK STUDIO 新義法料理,https://www.google.com.tw/maps/place/JK+STUDIO+%E6%96%B0%E7%BE%A9%E6%B3%95%E6%96%99%E7%90%86/data=!4m6!3m5!1s0x3442abbc19ebcfcf:0x530bb9197daa5f0f!8m2!3d25.0428905!4d121.5662123!16s%2Fg%2F11cn5mr14m?authuser=0&hl=zh-TW&rclk=1,4.7,"1,631"
艾朋牛排餐酒館 À POINT STEAK & BAR,https://www.google.com.tw/maps/place/%E8%89%BE%E6%9C%8B%E7%89%9B%E6%8E%92%E9%A4%90%E9%85%92%E9%A4%A8+%C3%80+POINT+STEAK+%26+BAR/data=!4m6!3m5!1s0x3442abbb86e23263:0x4bba0dfa5c756556!8m2!3d25.0412837!4d121.5678269!16s%2Fg%2F11gm952zgt?authuser=0&hl=zh-TW&rclk=1,4.6,"4,238"
吉比鮮釀餐廳 - 信義店,https://www.google.com.tw/maps/place/%E5%90%89%E6%AF%94%E9%AE%AE%E9%87%80%E9%A4%90%E5%BB%B3+-+%E4%BF%A1%E7%BE%A9%E5%BA%97/data=!4m6!3m5!1s0x3442abb09ec78f7d:0x6e43fb375234ebc6!8m2!3d25.0371587!4d121.5671263!16s%2Fg%2F1pzq9ptln?authuser=0&hl=zh-TW&rclk=1,4.3,"2,781"
HOOTERS美式餐廳 信義店,https://www.google.com.tw/maps/place/HOOTERS%E7%BE%8E%E5%BC%8F%E9%A4%90%E5%BB%B3+%E4%BF%A1%E7%BE%A9%E5%BA%97/data=!4m6!3m5!1s0x3442ab8cfd861c45:0x17985ef75e6b5b2d!8m2!3d25.0367179!4d121.5681308!16s%2Fg%2F11j5b4rz6g?authuser=0&hl=zh-TW&rclk=1,4.4,"1,249"
和牛47,https://www.google.com.tw/maps/place/%E5%92%8C%E7%89%9B47/data=!4m6!3m5!1s0x3442ab15769689fb:0x2d67917ec3f59725!8m2!3d25.0344547!4d121.5678798!16s%2Fg%2F11g__58z2t?authuser=0&hl=zh-TW&rclk=1,4.4,728
the Diner 樂子信義旗艦店,https://www.google.com.tw/maps/place/the+Diner+%E6%A8%82%E5%AD%90%E4%BF%A1%E7%BE%A9%E6%97%97%E8%89%A6%E5%BA%97/data=!4m6!3m5!1s0x3442abb0b0c4fc8d:0xa339102f760c962c!8m2!3d25.035347!4d121.5660706!16s%2Fg%2F11gzkv3fk?authuser=0&hl=zh-TW&rclk=1,4.0,"2,832"
崔妮傑恩 微風信義店,https://www.google.com.tw/maps/place/%E5%B4%94%E5%A6%AE%E5%82%91%E6%81%A9+%E5%BE%AE%E9%A2%A8%E4%BF%A1%E7%BE%A9%E5%BA%97/data=!4m6!3m5!1s0x3442abbbeadeeae9:0x807e160cbf6effb2!8m2!3d25.040767!4d121.566845!16s%2Fg%2F11byxg5zbl?authuser=0&hl=zh-TW&rclk=1,4.0,361
莫爾頓牛排館,https://www.google.com.tw/maps/place/%E8%8E%AB%E7%88%BE%E9%A0%93%E7%89%9B%E6%8E%92%E9%A4%A8/data=!4m6!3m5!1s0x3442abbb94cbb63d:0x696e95c68f5262ba!8m2!3d25.0405044!4d121.5668964!16s%2Fg%2F11cmfcnd5t?authuser=0&hl=zh-TW&rclk=1,4.1,"2,731"
KiKi餐廳(信義誠品店),https://www.google.com.tw/maps/place/KiKi%E9%A4%90%E5%BB%B3(%E4%BF%A1%E7%BE%A9%E8%AA%A0%E5%93%81%E5%BA%97)/data=!4m6!3m5!1s0x3442abbbd465615f:0xd37a9ffbee37a241!8m2!3d25.039664!4d121.5657554!16s%2Fg%2F11g_vrls1?authuser=0&hl=zh-TW&rclk=1,4.2,"1,944"
Thai J 泰式料理 台北信義ATT店,https://www.google.com.tw/maps/place/Thai+J+%E6%B3%B0%E5%BC%8F%E6%96%99%E7%90%86+%E5%8F%B0%E5%8C%97%E4%BF%A1%E7%BE%A9ATT%E5%BA%97/data=!4m6!3m5!1s0x3442abb0c96d7ee9:0xc737f2ae5eabc24!8m2!3d25.03531!4d121.5660665!16s%2Fg%2F11f38ykpny?authuser=0&hl=zh-TW&rclk=1,4.1,"1,801"
L’ATELIER de Joël Robuchon侯布雄法式餐廳,https://www.google.com.tw/maps/place/L%E2%80%99ATELIER+de+Jo%C3%ABl+Robuchon%E4%BE%AF%E5%B8%83%E9%9B%84%E6%B3%95%E5%BC%8F%E9%A4%90%E5%BB%B3/data=!4m6!3m5!1s0x3442abbba8fb7f31:0xfe9a2c13dc0092cb!8m2!3d25.0398624!4d121.5676195!16s%2Fg%2F1vyxg3cx?authuser=0&hl=zh-TW&rclk=1,4.2,"1,569"
勞瑞斯牛肋排餐廳,https://www.google.com.tw/maps/place/%E5%8B%9E%E7%91%9E%E6%96%AF%E7%89%9B%E8%82%8B%E6%8E%92%E9%A4%90%E5%BB%B3/data=!4m6!3m5!1s0x3442abb07fd6078f:0x98a81462e0871f0!8m2!3d25.039633!4d121.5678702!16s%2Fg%2F1tggr6p7?authuser=0&hl=zh-TW&rclk=1,4.2,"2,153"
老乾杯 信義店,https://www.google.com.tw/maps/place/%E8%80%81%E4%B9%BE%E6%9D%AF+%E4%BF%A1%E7%BE%A9%E5%BA%97/data=!4m6!3m5!1s0x3442abb0a47226ad:0x90d88d2120616327!8m2!3d25.0365352!4d121.5667157!16s%2Fg%2F1tfb4810?authuser=0&hl=zh-TW&rclk=1,4.2,"1,462"
饗食天堂 台北信義店,https://www.google.com.tw/maps/place/%E9%A5%97%E9%A3%9F%E5%A4%A9%E5%A0%82+%E5%8F%B0%E5%8C%97%E4%BF%A1%E7%BE%A9%E5%BA%97/data=!4m6!3m5!1s0x3442abb0b0c4fc8d:0xfe03d89700dc455!8m2!3d25.03531!4d121.5660665!16s%2Fg%2F11h03r221?authuser=0&hl=zh-TW&rclk=1,4.2,"3,966"
樂軒松阪亭,https://www.google.com.tw/maps/place/%E6%A8%82%E8%BB%92%E6%9D%BE%E9%98%AA%E4%BA%AD/data=!4m6!3m5!1s0x3442ab749825aa2f:0xb1a72e3b4e20e2d!8m2!3d25.0395654!4d121.5666828!16s%2Fg%2F11f5w40y3h?authuser=0&hl=zh-TW&rclk=1,4.8,"2,331"
寬巷子鍋品美食 微風信義店,https://www.google.com.tw/maps/place/%E5%AF%AC%E5%B7%B7%E5%AD%90%E9%8D%8B%E5%93%81%E7%BE%8E%E9%A3%9F+%E5%BE%AE%E9%A2%A8%E4%BF%A1%E7%BE%A9%E5%BA%97/data=!4m6!3m5!1s0x3442abbb94bbee3b:0xff80aeb28966080b!8m2!3d25.0405444!4d121.5667909!16s%2Fg%2F11cmn7tnkn?authuser=0&hl=zh-TW&rclk=1,4.7,"2,808"
涓豆腐 ATT信義店,https://www.google.com.tw/maps/place/%E6%B6%93%E8%B1%86%E8%85%90+ATT%E4%BF%A1%E7%BE%A9%E5%BA%97/data=!4m6!3m5!1s0x3442abb0b6348785:0xb88b1ff06017e9db!8m2!3d25.03531!4d121.5660665!16s%2Fg%2F11byxg3hlr?authuser=0&hl=zh-TW&rclk=1,4.2,"1,378"
樂天皇朝 信義店,https://www.google.com.tw/maps/place/%E6%A8%82%E5%A4%A9%E7%9A%87%E6%9C%9D+%E4%BF%A1%E7%BE%A9%E5%BA%97/data=!4m6!3m5!1s0x3442abbb94cbb63d:0x19b585e28120872c!8m2!3d25.040682!4d121.5669646!16s%2Fg%2F11cnwdkmbv?authuser=0&hl=zh-TW&rclk=1,4.2,"1,904"
Chili's Grill & Bar美式休閒餐廳-信義店 (Xinyi),https://www.google.com.tw/maps/place/Chili's+Grill+%26+Bar%E7%BE%8E%E5%BC%8F%E4%BC%91%E9%96%92%E9%A4%90%E5%BB%B3-%E4%BF%A1%E7%BE%A9%E5%BA%97+(Xinyi)/data=!4m6!3m5!1s0x3442a97765c87641:0xfff90118bb559732!8m2!3d25.0355335!4d121.5677574!16s%2Fg%2F1thl33f4?authuser=0&hl=zh-TW&rclk=1,4.5,"1,900"
泰市場 Spice Market,https://www.google.com.tw/maps/place/%E6%B3%B0%E5%B8%82%E5%A0%B4+Spice+Market/data=!4m6!3m5!1s0x3442abbbd49807b9:0x5bea25cbb9ae71ae!8m2!3d25.0395349!4d121.5656192!16s%2Fg%2F1tfl7c41?authuser=0&hl=zh-TW&rclk=1,4.0,"3,542"
Miacucina信義店,https://www.google.com.tw/maps/place/Miacucina%E4%BF%A1%E7%BE%A9%E5%BA%97/data=!4m6!3m5!1s0x3442abba740a1a33:0xe886c8c9afd05088!8m2!3d25.0361121!4d121.5672692!16s%2Fg%2F11cly3t3k0?authuser=0&hl=zh-TW&rclk=1,3.9,"2,107"
A.I.O 餐廳 (all In One Restaurants),https://www.google.com.tw/maps/place/A.I.O+%E9%A4%90%E5%BB%B3+(all+In+One+Restaurants)/data=!4m6!3m5!1s0x3442abbda8dd35d9:0xdb33c051982a20f8!8m2!3d25.0445679!4d121.5681268!16s%2Fg%2F11b6_x5j70?authuser=0&hl=zh-TW&rclk=1,4.6,420
教父牛排 Top Cap Steakhouse,https://www.google.com.tw/maps/place/%E6%95%99%E7%88%B6%E7%89%9B%E6%8E%92+Top+Cap+Steakhouse/data=!4m6!3m5!1s0x3442abbbb609d58f:0x75fc75f0814f0982!8m2!3d25.0396539!4d121.5667018!16s%2Fg%2F11b7gq4qlr?authuser=0&hl=zh-TW&rclk=1,4.1,"1,346"
INPARADISE 饗饗,https://www.google.com.tw/maps/place/INPARADISE+%E9%A5%97%E9%A5%97/data=!4m6!3m5!1s0x3442abbbeadeeae9:0x78dbb9243e9c680a!8m2!3d25.040512!4d121.567154!16s%2Fg%2F11g8fl1vjd?authuser=0&hl=zh-TW&rclk=1,4.3,"7,771"
醐同燒肉夜食-胡同燒肉5號店,https://www.google.com.tw/maps/place/%E9%86%90%E5%90%8C%E7%87%92%E8%82%89%E5%A4%9C%E9%A3%9F-%E8%83%A1%E5%90%8C%E7%87%92%E8%82%895%E8%99%9F%E5%BA%97/data=!4m6!3m5!1s0x3442abb0844fc4f5:0x33081531fa0e86d5!8m2!3d25.0355169!4d121.567918!16s%2Fg%2F1tgpkqtd?authuser=0&hl=zh-TW&rclk=1,4.1,793
隨意鳥地方101觀景餐廳,https://www.google.com.tw/maps/place/%E9%9A%A8%E6%84%8F%E9%B3%A5%E5%9C%B0%E6%96%B9101%E8%A7%80%E6%99%AF%E9%A4%90%E5%BB%B3/data=!4m6!3m5!1s0x3442abb6e9d92dd5:0x46367a0207787752!8m2!3d25.0335715!4d121.5649428!16s%2Fg%2F1pzs84s52?authuser=0&hl=zh-TW&rclk=1,4.1,"3,145"
台北君悅酒店 ZIGA ZAGA,https://www.google.com.tw/maps/place/%E5%8F%B0%E5%8C%97%E5%90%9B%E6%82%85%E9%85%92%E5%BA%97+ZIGA+ZAGA/data=!4m6!3m5!1s0x3442abb7a75a2dc9:0x8ed184b19b2cb270!8m2!3d25.0353371!4d121.5631414!16s%2Fg%2F1hc34lwvl?authuser=0&hl=zh-TW&rclk=1,4.2,798
旭集 和食集錦 信義店,https://www.google.com.tw/maps/place/%E6%97%AD%E9%9B%86+%E5%92%8C%E9%A3%9F%E9%9B%86%E9%8C%A6+%E4%BF%A1%E7%BE%A9%E5%BA%97/data=!4m6!3m5!1s0x34429fa77fff67a3:0x2e0586ed07ea419!8m2!3d25.0367178!4d121.5679135!16s%2Fg%2F11j1hjktyh?authuser=0&hl=zh-TW&rclk=1,4.2,"3,660"
檀島香港茶餐廳_信義店,https://www.google.com.tw/maps/place/%E6%AA%80%E5%B3%B6%E9%A6%99%E6%B8%AF%E8%8C%B6%E9%A4%90%E5%BB%B3_%E4%BF%A1%E7%BE%A9%E5%BA%97/data=!4m6!3m5!1s0x3442abba740a1973:0x59c04582fb7969cb!8m2!3d25.0368522!4d121.5672633!16s%2Fg%2F11g7ztkmq6?authuser=0&hl=zh-TW&rclk=1,3.3,"2,633"
JOYCE EAST,https://www.google.com.tw/maps/place/JOYCE+EAST/data=!4m6!3m5!1s0x3442abb1b078eb93:0x88e358a4dcd451b!8m2!3d25.0324206!4d121.5692132!16s%2Fg%2F1vk6wxn5?authuser=0&hl=zh-TW&rclk=1,4.3,495
Beef King 信義旗艦店,https://www.google.com.tw/maps/place/Beef+King+%E4%BF%A1%E7%BE%A9%E6%97%97%E8%89%A6%E5%BA%97/data=!4m6!3m5!1s0x3442abcba746e18b:0x7dccf28b781da4ec!8m2!3d25.035332!4d121.5659537!16s%2Fg%2F11h0tb9ytw?authuser=0&hl=zh-TW&rclk=1,4.4,"1,196"
史密斯華倫斯基牛排館 Smith & Wollensky Taipei,https://www.google.com.tw/maps/place/%E5%8F%B2%E5%AF%86%E6%96%AF%E8%8F%AF%E5%80%AB%E6%96%AF%E5%9F%BA%E7%89%9B%E6%8E%92%E9%A4%A8+Smith+%26+Wollensky+Taipei/data=!4m6!3m5!1s0x3442abefec0a2d11:0xb705f1a4ba92d51f!8m2!3d25.0342883!4d121.5673522!16s%2Fg%2F11gxxzwdq0?authuser=0&hl=zh-TW&rclk=1,4.3,"2,669"
海底撈火鍋 信義店,https://www.google.com.tw/maps/place/%E6%B5%B7%E5%BA%95%E6%92%88%E7%81%AB%E9%8D%8B+%E4%BF%A1%E7%BE%A9%E5%BA%97/data=!4m6!3m5!1s0x3442abd6a99a9a67:0x1e2ecd843db87306!8m2!3d25.03531!4d121.5660665!16s%2Fg%2F11fj479qn0?authuser=0&hl=zh-TW&rclk=1,4.5,"3,110"
鶿克米 TSUKUMI,https://www.google.com.tw/maps/place/%E9%B6%BF%E5%85%8B%E7%B1%B3+TSUKUMI/data=!4m6!3m5!1s0x3442abbbc20d671d:0xc27e3ed0712a8954!8m2!3d25.0405667!4d121.5669347!16s%2Fg%2F11cmxy188b?authuser=0&hl=zh-TW&rclk=1,4.1,811
添好運 (新光三越A8),https://www.google.com.tw/maps/place/%E6%B7%BB%E5%A5%BD%E9%81%8B+(%E6%96%B0%E5%85%89%E4%B8%89%E8%B6%8AA8)/data=!4m6!3m5!1s0x3442abba377564c7:0x1edd390bee64be3f!8m2!3d25.0382241!4d121.5667909!16s%2Fg%2F11b6q8qdnc?authuser=0&hl=zh-TW&rclk=1,3.7,"2,472"
宋廚菜館,https://www.google.com.tw/maps/place/%E5%AE%8B%E5%BB%9A%E8%8F%9C%E9%A4%A8/data=!4m6!3m5!1s0x3442abb95596bec3:0x1feb3e03f2edcf3d!8m2!3d25.0417878!4d121.5654718!16s%2Fg%2F1tvrxdpt?authuser=0&hl=zh-TW&rclk=1,4.0,"1,281"
合.shabu,https://www.google.com.tw/maps/place/%E5%90%88.shabu/data=!4m6!3m5!1s0x3442abbba86a7507:0x95ef4330b5c63da!8m2!3d25.0396219!4d121.567641!16s%2Fg%2F11g_2phpj?authuser=0&hl=zh-TW&rclk=1,4.6,"3,069"
台北君悅酒店 凱菲屋 Café,https://www.google.com.tw/maps/place/%E5%8F%B0%E5%8C%97%E5%90%9B%E6%82%85%E9%85%92%E5%BA%97+%E5%87%B1%E8%8F%B2%E5%B1%8B+Caf%C3%A9/data=!4m6!3m5!1s0x3442abb7a7382081:0xe7fb508e2f04c968!8m2!3d25.0351102!4d121.5621894!16s%2Fg%2F1q64qphps?authuser=0&hl=zh-TW&rclk=1,4.1,"4,194"
MiraWan,https://www.google.com.tw/maps/place/MiraWan/data=!4m6!3m5!1s0x3442ab466de5b261:0xf0534b76480d390c!8m2!3d25.0344484!4d121.5671259!16s%2Fg%2F11flrhhj_n?authuser=0&hl=zh-TW&rclk=1,4.3,477
燒肉中山｜台北信義店,https://www.google.com.tw/maps/place/%E7%87%92%E8%82%89%E4%B8%AD%E5%B1%B1%EF%BD%9C%E5%8F%B0%E5%8C%97%E4%BF%A1%E7%BE%A9%E5%BA%97/data=!4m6!3m5!1s0x3442ab0bddfa363d:0x9e5e850da0bd29d2!8m2!3d25.03531!4d121.5660665!16s%2Fg%2F11j2nl4fr8?authuser=0&hl=zh-TW&rclk=1,4.6,"1,606"
The Kitchen Table 西餐廳,https://www.google.com.tw/maps/place/The+Kitchen+Table+%E8%A5%BF%E9%A4%90%E5%BB%B3/data=!4m6!3m5!1s0x3442abb95768ddc1:0xee4c715b9cad4dca!8m2!3d25.0406084!4d121.5658376!16s%2Fg%2F1hc6bp584?authuser=0&hl=zh-TW&rclk=1,3.6,"1,104"
點點心台灣 微風信義店,https://www.google.com.tw/maps/place/%E9%BB%9E%E9%BB%9E%E5%BF%83%E5%8F%B0%E7%81%A3+%E5%BE%AE%E9%A2%A8%E4%BF%A1%E7%BE%A9%E5%BA%97/data=!4m6!3m5!1s0x3442abbb92b7e1ad:0xb9c97c495fbc99d7!8m2!3d25.0406764!4d121.5665457!16s%2Fg%2F11cmckvcj9?authuser=0&hl=zh-TW&rclk=1,4.0,"3,686"
瓦城泰國料理 - 台北三越信義店,https://www.google.com.tw/maps/place/%E7%93%A6%E5%9F%8E%E6%B3%B0%E5%9C%8B%E6%96%99%E7%90%86+-+%E5%8F%B0%E5%8C%97%E4%B8%89%E8%B6%8A%E4%BF%A1%E7%BE%A9%E5%BA%97/data=!4m6!3m5!1s0x3442abb0a4722229:0x4c445651e4bfad0d!8m2!3d25.0366706!4d121.5667018!16s%2Fg%2F1tfzdg80?authuser=0&hl=zh-TW&rclk=1,4.2,699
1010 Hunan Cuisine Eslite Xinyi Restaurant,https://www.google.com.tw/maps/place/1010+Hunan+Cuisine+Eslite+Xinyi+Restaurant/data=!4m6!3m5!1s0x3442abbbd49806cb:0x4ac814615eaf6055!8m2!3d25.0397197!4d121.5658739!16s%2Fg%2F1v_skyyg?authuser=0&hl=zh-TW&rclk=1,4.3,"1,012"
三井cuisine M,https://www.google.com.tw/maps/place/%E4%B8%89%E4%BA%95cuisine+M/data=!4m6!3m5!1s0x3442abba290beacd:0x3888052f8882411!8m2!3d25.0385722!4d121.5662876!16s%2Fg%2F1tf5hbh5?authuser=0&hl=zh-TW&rclk=1,4.2,"1,125"
Just Grill,https://www.google.com.tw/maps/place/Just+Grill/data=!4m6!3m5!1s0x3442abbbd4368d49:0xcf609415fc31e327!8m2!3d25.0397197!4d121.5658739!16s%2Fg%2F11cjpb90v7?authuser=0&hl=zh-TW&rclk=1,4.3,"1,676"
MAiSEN 邁泉豬排信義新光 A9,https://www.google.com.tw/maps/place/MAiSEN+%E9%82%81%E6%B3%89%E8%B1%AC%E6%8E%92%E4%BF%A1%E7%BE%A9%E6%96%B0%E5%85%89+A9/data=!4m6!3m5!1s0x3442abb0a47226ad:0x3f68458bb79d6d32!8m2!3d25.0360125!4d121.5665906!16s%2Fg%2F11c1lw0rk0?authuser=0&hl=zh-TW&rclk=1,4.3,"1,270"
泰集Thai Bazaar-微風信義店/寵物友善,https://www.google.com.tw/maps/place/%E6%B3%B0%E9%9B%86Thai+Bazaar-%E5%BE%AE%E9%A2%A8%E4%BF%A1%E7%BE%A9%E5%BA%97%2F%E5%AF%B5%E7%89%A9%E5%8F%8B%E5%96%84/data=!4m6!3m5!1s0x3442abbb94cbb63d:0x515c23f3a15ad278!8m2!3d25.0405044!4d121.5668964!16s%2Fg%2F11cltvn48z?authuser=0&hl=zh-TW&rclk=1,4.5,"2,224"
珍寶海鮮 台北信義店,https://www.google.com.tw/maps/place/%E7%8F%8D%E5%AF%B6%E6%B5%B7%E9%AE%AE+%E5%8F%B0%E5%8C%97%E4%BF%A1%E7%BE%A9%E5%BA%97/data=!4m6!3m5!1s0x3442abba35ad0ac5:0x6ce2ca11990604cc!8m2!3d25.0387499!4d121.5667774!16s%2Fg%2F11gdlyzh82?authuser=0&hl=zh-TW&rclk=1,4.4,"2,364"
饗泰多 Siam More 泰式風格餐廳 台北信義 微風松高店,https://www.google.com.tw/maps/place/%E9%A5%97%E6%B3%B0%E5%A4%9A+Siam+More+%E6%B3%B0%E5%BC%8F%E9%A2%A8%E6%A0%BC%E9%A4%90%E5%BB%B3+%E5%8F%B0%E5%8C%97%E4%BF%A1%E7%BE%A9+%E5%BE%AE%E9%A2%A8%E6%9D%BE%E9%AB%98%E5%BA%97/data=!4m6!3m5!1s0x3442abba4b902271:0x39a07169351cd6df!8m2!3d25.0387076!4d121.56729!16s%2Fg%2F11hb1ty713?authuser=0&hl=zh-TW&rclk=1,4.5,"1,616"
La Farfalla 義式餐廳,https://www.google.com.tw/maps/place/La+Farfalla+%E7%BE%A9%E5%BC%8F%E9%A4%90%E5%BB%B3/data=!4m6!3m5!1s0x3442abba4dd4558d:0x63a8873ef7b16a18!8m2!3d25.038696!4d121.5673934!16s%2Fg%2F11c5h4661p?authuser=0&hl=zh-TW&rclk=1,3.9,758
義米蘭信義店,https://www.google.com.tw/maps/place/%E7%BE%A9%E7%B1%B3%E8%98%AD%E4%BF%A1%E7%BE%A9%E5%BA%97/data=!4m6!3m5!1s0x3442abb4eb64c377:0x90bee8e333f52398!8m2!3d25.0354168!4d121.5660073!16s%2Fg%2F11pdf35pjm?authuser=0&hl=zh-TW&rclk=1,4.6,526
默爾 pasta pizza(台北誠品信義店）,https://www.google.com.tw/maps/place/%E9%BB%98%E7%88%BE+pasta+pizza(%E5%8F%B0%E5%8C%97%E8%AA%A0%E5%93%81%E4%BF%A1%E7%BE%A9%E5%BA%97%EF%BC%89/data=!4m6!3m5!1s0x3442ab3d4575524b:0x2570d825bd5c95c0!8m2!3d25.0397197!4d121.5658739!16s%2Fg%2F11kx2smmzw?authuser=0&hl=zh-TW&rclk=1,4.2,364
開飯川食堂 市府店,https://www.google.com.tw/maps/place/%E9%96%8B%E9%A3%AF%E5%B7%9D%E9%A3%9F%E5%A0%82+%E5%B8%82%E5%BA%9C%E5%BA%97/data=!4m6!3m5!1s0x3442abb95faee141:0xc1d5f226fef09fdb!8m2!3d25.0406227!4d121.5654586!16s%2Fg%2F1pzr2k7h4?authuser=0&hl=zh-TW&rclk=1,4.1,"1,111"
Chope Chope Eatery,https://www.google.com.tw/maps/place/Chope+Chope+Eatery/data=!4m6!3m5!1s0x3442aba659d6a701:0xa42f582f9320ea1d!8m2!3d25.0395325!4d121.5667553!16s%2Fg%2F11pxm96yrf?authuser=0&hl=zh-TW&rclk=1,4.4,232
Meat Love橡木炭火韓國烤肉 信義店,https://www.google.com.tw/maps/place/Meat+Love%E6%A9%A1%E6%9C%A8%E7%82%AD%E7%81%AB%E9%9F%93%E5%9C%8B%E7%83%A4%E8%82%89+%E4%BF%A1%E7%BE%A9%E5%BA%97/data=!4m6!3m5!1s0x3442abca0295f6cb:0x57e1fd44327e882e!8m2!3d25.0328911!4d121.5591635!16s%2Fg%2F11dxdms3gv?authuser=0&hl=zh-TW&rclk=1,4.1,"2,278"
Texas Roadhouse 德州鮮切牛排 松高店,https://www.google.com.tw/maps/place/Texas+Roadhouse+%E5%BE%B7%E5%B7%9E%E9%AE%AE%E5%88%87%E7%89%9B%E6%8E%92+%E6%9D%BE%E9%AB%98%E5%BA%97/data=!4m6!3m5!1s0x3442abba4f6df625:0xa61c4b36aa0bf63e!8m2!3d25.0381554!4d121.5673139!16s%2Fg%2F11btmq468d?authuser=0&hl=zh-TW&rclk=1,4.2,"3,509"
Woolloomooloo,https://www.google.com.tw/maps/place/Woolloomooloo/data=!4m6!3m5!1s0x3442abc98a381297:0xe822c38c9e07609e!8m2!3d25.0333036!4d121.5581173!16s%2Fg%2F119vjnzvk?authuser=0&hl=zh-TW&rclk=1,4.0,"3,413"
YKNK club,https://www.google.com.tw/maps/place/YKNK+club/data=!4m6!3m5!1s0x3442abd4e9c79125:0xf61f6ff57f43b68f!8m2!3d25.0367179!4d121.5681308!16s%2Fg%2F11hf3r7hpn?authuser=0&hl=zh-TW&rclk=1,3.9,770
寒舍食譜 (台北寒舍艾美酒店),https://www.google.com.tw/maps/place/%E5%AF%92%E8%88%8D%E9%A3%9F%E8%AD%9C+(%E5%8F%B0%E5%8C%97%E5%AF%92%E8%88%8D%E8%89%BE%E7%BE%8E%E9%85%92%E5%BA%97)/data=!4m6!3m5!1s0x3442abba50d70b7b:0xfd0043d444898a1a!8m2!3d25.0382675!4d121.5681767!16s%2Fg%2F1hhj1gdg1?authuser=0&hl=zh-TW&rclk=1,4.2,567
The Chips 信義店,https://www.google.com.tw/maps/place/The+Chips+%E4%BF%A1%E7%BE%A9%E5%BA%97/data=!4m6!3m5!1s0x3442abc63cc4de1d:0x2b0bfdcf79ea3536!8m2!3d25.03531!4d121.5660665!16s%2Fg%2F12hl940sg?authuser=0&hl=zh-TW&rclk=1,3.8,"1,126"
ONE TEN Restaurant 食分之一餐館,https://www.google.com.tw/maps/place/ONE+TEN+Restaurant+%E9%A3%9F%E5%88%86%E4%B9%8B%E4%B8%80%E9%A4%90%E9%A4%A8/data=!4m6!3m5!1s0x3442abf31a96cd77:0x60db0c2720c38734!8m2!3d25.0373314!4d121.5594037!16s%2Fg%2F11j6j5dg58?authuser=0&hl=zh-TW&rclk=1,4.9,178
Wayne’s New York 瑋恩紐約美式龍蝦牛排餐廳,https://www.google.com.tw/maps/place/Wayne%E2%80%99s+New+York+%E7%91%8B%E6%81%A9%E7%B4%90%E7%B4%84%E7%BE%8E%E5%BC%8F%E9%BE%8D%E8%9D%A6%E7%89%9B%E6%8E%92%E9%A4%90%E5%BB%B3/data=!4m6!3m5!1s0x3442ab823343b2b7:0xc043d0a63eaeb78d!8m2!3d25.0301507!4d121.5580054!16s%2Fg%2F11fkmgvj72?authuser=0&hl=zh-TW&rclk=1,4.6,619
紫艷中餐廳,https://www.google.com.tw/maps/place/%E7%B4%AB%E8%89%B7%E4%B8%AD%E9%A4%90%E5%BB%B3/data=!4m6!3m5!1s0x3442abb95768ddc1:0x6c04dce1f6e98cda!8m2!3d25.040598!4d121.565735!16s%2Fg%2F1tt1qd5w?authuser=0&hl=zh-TW&rclk=1,4.3,"1,225"
薄多義Bite 2 Eat 義式手工披薩 - 台北ATT4FUN店,https://www.google.com.tw/maps/place/%E8%96%84%E5%A4%9A%E7%BE%A9Bite+2+Eat+%E7%BE%A9%E5%BC%8F%E6%89%8B%E5%B7%A5%E6%8A%AB%E8%96%A9+-+%E5%8F%B0%E5%8C%97ATT4FUN%E5%BA%97/data=!4m6!3m5!1s0x3442abb0b49c0387:0x87efa15c3945d72e!8m2!3d25.03531!4d121.5660665!16s%2Fg%2F11b63crwny?authuser=0&hl=zh-TW&rclk=1,4.0,"1,827"
鼎泰豐 101店,https://www.google.com.tw/maps/place/%E9%BC%8E%E6%B3%B0%E8%B1%90+101%E5%BA%97/data=!4m6!3m5!1s0x3442abb6e8257741:0x51d2055f43274319!8m2!3d25.03346!4d121.5644841!16s%2Fg%2F11gzdz57n?authuser=0&hl=zh-TW&rclk=1,4.5,"9,129"
Musée Kitchen & Bar,https://www.google.com.tw/maps/place/Mus%C3%A9e+Kitchen+%26+Bar/data=!4m6!3m5!1s0x3442abb5928649df:0xbd03399d4e96e2e0!8m2!3d25.0310789!4d121.560587!16s%2Fg%2F11b6yxlmzj?authuser=0&hl=zh-TW&rclk=1,4.1,789
PapàRoy 義式手作料理,https://www.google.com.tw/maps/place/Pap%C3%A0Roy+%E7%BE%A9%E5%BC%8F%E6%89%8B%E4%BD%9C%E6%96%99%E7%90%86/data=!4m6!3m5!1s0x3442abd43f34d27f:0xf0bdf0480c038284!8m2!3d25.0425861!4d121.5635148!16s%2Fg%2F11fvts1zpv?authuser=0&hl=zh-TW&rclk=1,4.6,388
台北君悅酒店 雲錦中餐廳 Yun Jin Chinese Restaurant,https://www.google.com.tw/maps/place/%E5%8F%B0%E5%8C%97%E5%90%9B%E6%82%85%E9%85%92%E5%BA%97+%E9%9B%B2%E9%8C%A6%E4%B8%AD%E9%A4%90%E5%BB%B3+Yun+Jin+Chinese+Restaurant/data=!4m6!3m5!1s0x3442abb7a848c19b:0xfa5ea4ee315aa165!8m2!3d25.0351749!4d121.5622935!16s%2Fg%2F11c2q16z7v?authuser=0&hl=zh-TW&rclk=1,4.2,340
心潮飯店 Sinchao Rice Shoppe,https://www.google.com.tw/maps/place/%E5%BF%83%E6%BD%AE%E9%A3%AF%E5%BA%97+Sinchao+Rice+Shoppe/data=!4m6!3m5!1s0x3442abce7987eb23:0xd66dd276f16c59a2!8m2!3d25.0405778!4d121.5671!16s%2Fg%2F11fqz4vll0?authuser=0&hl=zh-TW&rclk=1,4.1,"1,161"
The Ukai Taipei,https://www.google.com.tw/maps/place/The+Ukai+Taipei/data=!4m6!3m5!1s0x3442ab79b6c82e55:0x22d3924c3b87d9a8!8m2!3d25.0342406!4d121.5671232!16s%2Fg%2F11h045cw9g?authuser=0&hl=zh-TW&rclk=1,4.4,701
橘色涮涮屋A9館,https://www.google.com.tw/maps/place/%E6%A9%98%E8%89%B2%E6%B6%AE%E6%B6%AE%E5%B1%8BA9%E9%A4%A8/data=!4m6!3m5!1s0x3442ab29dd20982f:0xd224611b23f03b98!8m2!3d25.0363392!4d121.5667018!16s%2Fg%2F11gmfxr2zs?authuser=0&hl=zh-TW&rclk=1,4.4,"1,155"
台北君悅酒店 Bel Air 寶艾西餐廳,https://www.google.com.tw/maps/place/%E5%8F%B0%E5%8C%97%E5%90%9B%E6%82%85%E9%85%92%E5%BA%97+Bel+Air+%E5%AF%B6%E8%89%BE%E8%A5%BF%E9%A4%90%E5%BB%B3/data=!4m6!3m5!1s0x3442abb7a75a2db9:0x8b1fb9c73f768b14!8m2!3d25.0355799!4d121.5620793!16s%2Fg%2F11bbsy6kqq?authuser=0&hl=zh-TW&rclk=1,4.3,618
請請義大利餐廳 逸仙店,https://www.google.com.tw/maps/place/%E8%AB%8B%E8%AB%8B%E7%BE%A9%E5%A4%A7%E5%88%A9%E9%A4%90%E5%BB%B3+%E9%80%B8%E4%BB%99%E5%BA%97/data=!4m6!3m5!1s0x3442abb9028cd75b:0xef994e5f95504dbb!8m2!3d25.0405306!4d121.5627849!16s%2Fg%2F11f3wrjqc0?authuser=0&hl=zh-TW&rclk=1,4.4,"1,729"
厲家菜 宮廷御膳料理,https://www.google.com.tw/maps/place/%E5%8E%B2%E5%AE%B6%E8%8F%9C+%E5%AE%AE%E5%BB%B7%E5%BE%A1%E8%86%B3%E6%96%99%E7%90%86/data=!4m6!3m5!1s0x3442abbba4500443:0xea3f18aa0f2951ea!8m2!3d25.039685!4d121.5676711!16s%2Fg%2F11b7ttf404?authuser=0&hl=zh-TW&rclk=1,4.3,409
海灘叢林 A Beach,https://www.google.com.tw/maps/place/%E6%B5%B7%E7%81%98%E5%8F%A2%E6%9E%97+A+Beach/data=!4m6!3m5!1s0x3442abb719618079:0xd71e1a8b29dd7d00!8m2!3d25.032582!4d121.5636446!16s%2Fg%2F11p9lhkry8?authuser=0&hl=zh-TW&rclk=1,4.6,582
Selfish Burger 喀漢堡,https://www.google.com.tw/maps/place/Selfish+Burger+%E5%96%80%E6%BC%A2%E5%A0%A1/data=!4m6!3m5!1s0x3442abb595396f5d:0xa2fed668f5965c3d!8m2!3d25.0310263!4d121.5611238!16s%2Fg%2F11c0r3j594?authuser=0&hl=zh-TW&rclk=1,4.2,"2,000"
Lady nara 曼谷新泰式料理 台北統一時代店,https://www.google.com.tw/maps/place/Lady+nara+%E6%9B%BC%E8%B0%B7%E6%96%B0%E6%B3%B0%E5%BC%8F%E6%96%99%E7%90%86+%E5%8F%B0%E5%8C%97%E7%B5%B1%E4%B8%80%E6%99%82%E4%BB%A3%E5%BA%97/data=!4m6!3m5!1s0x3442ab2475748553:0x798baab8ad66220b!8m2!3d25.040506!4d121.5651212!16s%2Fg%2F11fkwcxjb1?authuser=0&hl=zh-TW&rclk=1,4.3,"1,371"
TGI FRIDAYS 星期五美式餐廳 信義餐廳,https://www.google.com.tw/maps/place/TGI+FRIDAYS+%E6%98%9F%E6%9C%9F%E4%BA%94%E7%BE%8E%E5%BC%8F%E9%A4%90%E5%BB%B3+%E4%BF%A1%E7%BE%A9%E9%A4%90%E5%BB%B3/data=!4m6!3m5!1s0x3442abb95faee141:0x95c6e6de82336969!8m2!3d25.0407344!4d121.5653917!16s%2Fg%2F12hp5rlr7?authuser=0&hl=zh-TW&rclk=1,4.1,"2,342"
馬可波羅義大利餐廳 - 台北遠東香格里拉,https://www.google.com.tw/maps/place/%E9%A6%AC%E5%8F%AF%E6%B3%A2%E7%BE%85%E7%BE%A9%E5%A4%A7%E5%88%A9%E9%A4%90%E5%BB%B3+-+%E5%8F%B0%E5%8C%97%E9%81%A0%E6%9D%B1%E9%A6%99%E6%A0%BC%E9%87%8C%E6%8B%89/data=!4m6!3m5!1s0x3442aa32657c4a79:0xb341d91553bf46ab!8m2!3d25.026612!4d121.549282!16s%2Fg%2F1tdgs2p8?authuser=0&hl=zh-TW&rclk=1,4.4,"1,017"
亨利客 原味炭烤牛排,https://www.google.com.tw/maps/place/%E4%BA%A8%E5%88%A9%E5%AE%A2+%E5%8E%9F%E5%91%B3%E7%82%AD%E7%83%A4%E7%89%9B%E6%8E%92/data=!4m6!3m5!1s0x3442aa3156874ee9:0x304f178cdd17f9ef!8m2!3d25.023422!4d121.5538073!16s%2Fg%2F11c37mztmm?authuser=0&hl=zh-TW&rclk=1,4.4,"1,139"
食米 四川巴適-信義合菜餐廳|必吃美食|熱門餐廳|巷弄美食|家族聚餐推薦|在地推薦餐廳,https://www.google.com.tw/maps/place/%E9%A3%9F%E7%B1%B3+%E5%9B%9B%E5%B7%9D%E5%B7%B4%E9%81%A9-%E4%BF%A1%E7%BE%A9%E5%90%88%E8%8F%9C%E9%A4%90%E5%BB%B3%7C%E5%BF%85%E5%90%83%E7%BE%8E%E9%A3%9F%7C%E7%86%B1%E9%96%80%E9%A4%90%E5%BB%B3%7C%E5%B7%B7%E5%BC%84%E7%BE%8E%E9%A3%9F%7C%E5%AE%B6%E6%97%8F%E8%81%9A%E9%A4%90%E6%8E%A8%E8%96%A6%7C%E5%9C%A8%E5%9C%B0%E6%8E%A8%E8%96%A6%E9%A4%90%E5%BB%B3/data=!4m6!3m5!1s0x3442abbce477d6ed:0xaee59d49f3811a83!8m2!3d25.0434808!4d121.5693412!16s%2Fg%2F1tgd92x0?authuser=0&hl=zh-TW&rclk=1,4.3,341
欣葉台菜 信義新天地A9店,https://www.google.com.tw/maps/place/%E6%AC%A3%E8%91%89%E5%8F%B0%E8%8F%9C+%E4%BF%A1%E7%BE%A9%E6%96%B0%E5%A4%A9%E5%9C%B0A9%E5%BA%97/data=!4m6!3m5!1s0x3442abb0a47226ad:0xa3c29da266aed574!8m2!3d25.0366706!4d121.5667018!16s%2Fg%2F1twyx6v2?authuser=0&hl=zh-TW&rclk=1,4.2,"1,519"
大廳茶軒 Lobby Court 台北遠東香格里拉,https://www.google.com.tw/maps/place/%E5%A4%A7%E5%BB%B3%E8%8C%B6%E8%BB%92+Lobby+Court+%E5%8F%B0%E5%8C%97%E9%81%A0%E6%9D%B1%E9%A6%99%E6%A0%BC%E9%87%8C%E6%8B%89/data=!4m6!3m5!1s0x3442aa32657c4a79:0xfe6415f141bf4367!8m2!3d25.026612!4d121.549282!16s%2Fg%2F113g9zfw1?authuser=0&hl=zh-TW&rclk=1,4.5,144
探索廚房,https://www.google.com.tw/maps/place/%E6%8E%A2%E7%B4%A2%E5%BB%9A%E6%88%BF/data=!4m6!3m5!1s0x3442abba50d70b7b:0x418f4d4e12633aeb!8m2!3d25.0381022!4d121.5681166!16s%2Fg%2F1tltk1l2?authuser=0&hl=zh-TW&rclk=1,4.0,"6,605"
漢來名人坊 世貿店,https://www.google.com.tw/maps/place/%E6%BC%A2%E4%BE%86%E5%90%8D%E4%BA%BA%E5%9D%8A+%E4%B8%96%E8%B2%BF%E5%BA%97/data=!4m6!3m5!1s0x3442abe7d84659fb:0x2649930ca6987148!8m2!3d25.0344064!4d121.5612277!16s%2Fg%2F11jwk3stgw?authuser=0&hl=zh-TW&rclk=1,4.5,"1,618"
彩 日本料理,https://www.google.com.tw/maps/place/%E5%BD%A9+%E6%97%A5%E6%9C%AC%E6%96%99%E7%90%86/data=!4m6!3m5!1s0x3442abb7a75a2db7:0xf450acb352c47b27!8m2!3d25.0352185!4d121.5629329!16s%2Fg%2F1hc5h6l33?authuser=0&hl=zh-TW&rclk=1,4.0,"1,307"
Florian 福里安花神餐廳,https://www.google.com.tw/maps/place/Florian+%E7%A6%8F%E9%87%8C%E5%AE%89%E8%8A%B1%E7%A5%9E%E9%A4%90%E5%BB%B3/data=!4m6!3m5!1s0x3442abb0a47226ad:0xcc7d62cb4a0bd6d8!8m2!3d25.0366912!4d121.5667337!16s%2Fg%2F11g6rcw305?authuser=0&hl=zh-TW&rclk=1,3.8,735
銀座杏子日式豬排-微風信義店,https://www.google.com.tw/maps/place/%E9%8A%80%E5%BA%A7%E6%9D%8F%E5%AD%90%E6%97%A5%E5%BC%8F%E8%B1%AC%E6%8E%92-%E5%BE%AE%E9%A2%A8%E4%BF%A1%E7%BE%A9%E5%BA%97/data=!4m6!3m5!1s0x3442abbbeac4efe1:0xcecfe623dea717e6!8m2!3d25.0405044!4d121.5668964!16s%2Fg%2F11c32l5w5g?authuser=0&hl=zh-TW&rclk=1,4.0,624
金色三麥 信義誠品店 B1,https://www.google.com.tw/maps/place/%E9%87%91%E8%89%B2%E4%B8%89%E9%BA%A5+%E4%BF%A1%E7%BE%A9%E8%AA%A0%E5%93%81%E5%BA%97+B1/data=!4m6!3m5!1s0x3442abbbd49807b9:0x230ccd435b985a9c!8m2!3d25.0397223!4d121.56499!16s%2Fg%2F1tj5hvrw?authuser=0&hl=zh-TW&rclk=1,4.2,"3,182"
夜上海 Ye Shanghai Taipei,https://www.google.com.tw/maps/place/%E5%A4%9C%E4%B8%8A%E6%B5%B7+Ye+Shanghai+Taipei/data=!4m6!3m5!1s0x3442abbbb609d58f:0x1865328c872fd50d!8m2!3d25.0396539!4d121.5667018!16s%2Fg%2F11b7y6p6fd?authuser=0&hl=zh-TW&rclk=1,4.1,969
11 Cafe《早午餐&創意義大利麵專賣店》,https://www.google.com.tw/maps/place/11+Cafe%E3%80%8A%E6%97%A9%E5%8D%88%E9%A4%90%26%E5%89%B5%E6%84%8F%E7%BE%A9%E5%A4%A7%E5%88%A9%E9%BA%B5%E5%B0%88%E8%B3%A3%E5%BA%97%E3%80%8B/data=!4m6!3m5!1s0x3442abb92b2135d1:0xc824faee155f9453!8m2!3d25.0425217!4d121.56284!16s%2Fg%2F12m8zsvg5?authuser=0&hl=zh-TW&rclk=1,4.6,"1,656"
亞米小廚 yummy kitchenette,https://www.google.com.tw/maps/place/%E4%BA%9E%E7%B1%B3%E5%B0%8F%E5%BB%9A+yummy+kitchenette/data=!4m6!3m5!1s0x3442abbce3c023cd:0x432984f9985de145!8m2!3d25.043494!4d121.5693776!16s%2Fg%2F11dymqtzx2?authuser=0&hl=zh-TW&rclk=1,4.7,557
TGI FRIDAYS 星期五美式餐廳 松高餐廳,https://www.google.com.tw/maps/place/TGI+FRIDAYS+%E6%98%9F%E6%9C%9F%E4%BA%94%E7%BE%8E%E5%BC%8F%E9%A4%90%E5%BB%B3+%E6%9D%BE%E9%AB%98%E9%A4%90%E5%BB%B3/data=!4m6!3m5!1s0x346803e2daa71f85:0x6d793e71711aeb94!8m2!3d25.0381554!4d121.5673139!16s%2Fg%2F11h4c9p6bc?authuser=0&hl=zh-TW&rclk=1,4.1,648
Butcher by LanPengYou,https://www.google.com.tw/maps/place/Butcher+by+LanPengYou/data=!4m6!3m5!1s0x3442ab30df9c5285:0x8886b4a8e0a59080!8m2!3d25.0298529!4d121.558221!16s%2Fg%2F11fwq3jzbj?authuser=0&hl=zh-TW&rclk=1,4.1,"1,108"
紅花鐵板燒101旗艦店,https://www.google.com.tw/maps/place/%E7%B4%85%E8%8A%B1%E9%90%B5%E6%9D%BF%E7%87%92101%E6%97%97%E8%89%A6%E5%BA%97/data=!4m6!3m5!1s0x3442abb5a3237663:0xe5dc04f28f57f77f!8m2!3d25.0340654!4d121.5639746!16s%2Fg%2F1v3lmn89?authuser=0&hl=zh-TW&rclk=1,3.7,660
韓姜熙의小廚房 信義A11店,https://www.google.com.tw/maps/place/%E9%9F%93%E5%A7%9C%E7%86%99%EC%9D%98%E5%B0%8F%E5%BB%9A%E6%88%BF+%E4%BF%A1%E7%BE%A9A11%E5%BA%97/data=!4m6!3m5!1s0x3442ab7ce589983b:0xe4941418ba4179ad!8m2!3d25.0365446!4d121.5672369!16s%2Fg%2F11jds0vy08?authuser=0&hl=zh-TW&rclk=1,4.2,368
GUMGUM Beer & Wings 雞翅酒吧-信義本店,https://www.google.com.tw/maps/place/GUMGUM+Beer+%26+Wings+%E9%9B%9E%E7%BF%85%E9%85%92%E5%90%A7-%E4%BF%A1%E7%BE%A9%E6%9C%AC%E5%BA%97/data=!4m6!3m5!1s0x3442abc9e61bed7b:0xd8978857a512d1a6!8m2!3d25.0338989!4d121.5591333!16s%2Fg%2F11c709w5c_?authuser=0&hl=zh-TW&rclk=1,4.6,"2,080"
新高軒信義店(A11-B2),https://www.google.com.tw/maps/place/%E6%96%B0%E9%AB%98%E8%BB%92%E4%BF%A1%E7%BE%A9%E5%BA%97(A11-B2)/data=!4m6!3m5!1s0x3442abca004f3b09:0x251b1ea1a38c3c58!8m2!3d25.0365446!4d121.5672369!16s%2Fg%2F11hzy7lb_c?authuser=0&hl=zh-TW&rclk=1,4.6,"1,029"
聚聚樓 eslite garden,https://www.google.com.tw/maps/place/%E8%81%9A%E8%81%9A%E6%A8%93+eslite+garden/data=!4m6!3m5!1s0x3442abca3d82a9c7:0x270ed261ff576abe!8m2!3d25.0445662!4d121.5614467!16s%2Fg%2F11r1vl_nqr?authuser=0&hl=zh-TW&rclk=1,4.4,108
TONWAY唐威餐飲,https://www.google.com.tw/maps/place/TONWAY%E5%94%90%E5%A8%81%E9%A4%90%E9%A3%B2/data=!4m6!3m5!1s0x3442aba47fc783b9:0x329f7ad8441e93fd!8m2!3d25.0399057!4d121.5741545!16s%2Fg%2F1tcyhr7m?authuser=0&hl=zh-TW&rclk=1,4.2,262
Patio No.3 Italian Bistro,https://www.google.com.tw/maps/place/Patio+No.3+Italian+Bistro/data=!4m6!3m5!1s0x3442abb688969307:0x25eb9416659f1972!8m2!3d25.0326972!4d121.5629242!16s%2Fg%2F11dywssz_q?authuser=0&hl=zh-TW&rclk=1,4.0,2
明水然・樂-信義松菸店,https://www.google.com.tw/maps/place/%E6%98%8E%E6%B0%B4%E7%84%B6%E3%83%BB%E6%A8%82-%E4%BF%A1%E7%BE%A9%E6%9D%BE%E8%8F%B8%E5%BA%97/data=!4m6!3m5!1s0x3442ab67eb0d3cf7:0x7a38b2a7f6899357!8m2!3d25.0421956!4d121.5634866!16s%2Fg%2F11pdnmctx1?authuser=0&hl=zh-TW&rclk=1,4.8,156
So Bangkok,https://www.google.com.tw/maps/place/So+Bangkok/data=!4m6!3m5!1s0x3442abdbf0bb0631:0x7548717161520e97!8m2!3d25.035259!4d121.5660561!16s%2Fg%2F11qychh_sq?authuser=0&hl=zh-TW&rclk=1,3.4,58
四時輕燒肉概念屋,https://www.google.com.tw/maps/place/%E5%9B%9B%E6%99%82%E8%BC%95%E7%87%92%E8%82%89%E6%A6%82%E5%BF%B5%E5%B1%8B/data=!4m6!3m5!1s0x3442ab1da105370b:0xa1fb6a806e51082!8m2!3d25.0471036!4d121.550679!16s%2Fg%2F11g4c4kskq?authuser=0&hl=zh-TW&rclk=1,4.9,"5,591"
PappaRich金爸爸-新光信義A9店,https://www.google.com.tw/maps/place/PappaRich%E9%87%91%E7%88%B8%E7%88%B8-%E6%96%B0%E5%85%89%E4%BF%A1%E7%BE%A9A9%E5%BA%97/data=!4m6!3m5!1s0x3442abba699fcffd:0x9b31617011ad9314!8m2!3d25.0363392!4d121.5667018!16s%2Fg%2F11cnc0cbx6?authuser=0&hl=zh-TW&rclk=1,4.1,"1,603"
捌伍添第 85TD Chinese Restaurant,https://www.google.com.tw/maps/place/%E6%8D%8C%E4%BC%8D%E6%B7%BB%E7%AC%AC+85TD+Chinese+Restaurant/data=!4m6!3m5!1s0x3442ab49f86eabef:0xd237abef985bfc0b!8m2!3d25.0338619!4d121.5644734!16s%2Fg%2F11p6byz1hh?authuser=0&hl=zh-TW&rclk=1,4.5,286
桂客鐵板燒,https://www.google.com.tw/maps/place/%E6%A1%82%E5%AE%A2%E9%90%B5%E6%9D%BF%E7%87%92/data=!4m6!3m5!1s0x3442aba36e047e5f:0x93d214812f242322!8m2!3d25.0412478!4d121.573301!16s%2Fg%2F1pztc0brw?authuser=0&hl=zh-TW&rclk=1,3.7,77
新葡苑四十六,https://www.google.com.tw/maps/place/%E6%96%B0%E8%91%A1%E8%8B%91%E5%9B%9B%E5%8D%81%E5%85%AD/data=!4m6!3m5!1s0x3442abd60b40e329:0x7b17f868bdcbddc5!8m2!3d25.0342772!4d121.5668703!16s%2Fg%2F11fj2lghqz?authuser=0&hl=zh-TW&rclk=1,4.1,390
筷炒KUAICHAO,https://www.google.com.tw/maps/place/%E7%AD%B7%E7%82%92KUAICHAO/data=!4m6!3m5!1s0x3442ab295c3d9f49:0xd0b6db04b95d3a97!8m2!3d25.0367179!4d121.5681308!16s%2Fg%2F11j1dmrs77?authuser=0&hl=zh-TW&rclk=1,4.5,705
新村站著吃烤肉,https://www.google.com.tw/maps/place/%E6%96%B0%E6%9D%91%E7%AB%99%E8%91%97%E5%90%83%E7%83%A4%E8%82%89/data=!4m6!3m5!1s0x3442abfa43366921:0x47959ba03854051c!8m2!3d25.04123!4d121.5685187!16s%2Fg%2F11h71kmf8s?authuser=0&hl=zh-TW&rclk=1,4.5,"4,045"
銀座杏子日式豬排-信義威秀店,https://www.google.com.tw/maps/place/%E9%8A%80%E5%BA%A7%E6%9D%8F%E5%AD%90%E6%97%A5%E5%BC%8F%E8%B1%AC%E6%8E%92-%E4%BF%A1%E7%BE%A9%E5%A8%81%E7%A7%80%E5%BA%97/data=!4m6!3m5!1s0x3442abbdb9096aab:0xe7326825ae8eb2bb!8m2!3d25.0354959!4d121.5671952!16s%2Fg%2F11bztdwy9q?authuser=0&hl=zh-TW&rclk=1,3.8,683
"馬友友印度廚房 Mayur Indian Kitchen, MIK-1","https://www.google.com.tw/maps/place/%E9%A6%AC%E5%8F%8B%E5%8F%8B%E5%8D%B0%E5%BA%A6%E5%BB%9A%E6%88%BF+Mayur+Indian+Kitchen,+MIK-1/data=!4m6!3m5!1s0x3442abb791fc36d9:0x32e2daa7c1cb5ce9!8m2!3d25.0368309!4d121.5616073!16s%2Fg%2F1vm_vld3?authuser=0&hl=zh-TW&rclk=1",4.2,964
BaganHood 蔬食餐酒館-市政府站 (松菸IG美食 純素超市餐廳 推薦平價人氣),https://www.google.com.tw/maps/place/BaganHood+%E8%94%AC%E9%A3%9F%E9%A4%90%E9%85%92%E9%A4%A8-%E5%B8%82%E6%94%BF%E5%BA%9C%E7%AB%99+(%E6%9D%BE%E8%8F%B8IG%E7%BE%8E%E9%A3%9F+%E7%B4%94%E7%B4%A0%E8%B6%85%E5%B8%82%E9%A4%90%E5%BB%B3+%E6%8E%A8%E8%96%A6%E5%B9%B3%E5%83%B9%E4%BA%BA%E6%B0%A3)/data=!4m6!3m5!1s0x3442ab1b6ff34337:0xd2de4b92ce70ea33!8m2!3d25.0443206!4d121.5634869!16s%2Fg%2F11fnbdb89z?authuser=0&hl=zh-TW&rclk=1,4.5,961
PACKIE銀杏川酒菜館,https://www.google.com.tw/maps/place/PACKIE%E9%8A%80%E6%9D%8F%E5%B7%9D%E9%85%92%E8%8F%9C%E9%A4%A8/data=!4m6!3m5!1s0x3442ab5e2697363d:0x778c5a3c3dd09a73!8m2!3d25.0370934!4d121.5667231!16s%2Fg%2F11fd70ln46?authuser=0&hl=zh-TW&rclk=1,4.0,376
蔬漫小姐Miss Shumaan.house,https://www.google.com.tw/maps/place/%E8%94%AC%E6%BC%AB%E5%B0%8F%E5%A7%90Miss+Shumaan.house/data=!4m6!3m5!1s0x3442aa4d4d6d1eb9:0x2e7f7d9823f5b971!8m2!3d25.0425866!4d121.5701127!16s%2Fg%2F11b6hkbgqx?authuser=0&hl=zh-TW&rclk=1,4.5,"1,309"
小後苑Backyard Jr. (信義Xinyi),https://www.google.com.tw/maps/place/%E5%B0%8F%E5%BE%8C%E8%8B%91Backyard+Jr.+(%E4%BF%A1%E7%BE%A9Xinyi)/data=!4m6!3m5!1s0x3442abba1262a95b:0xa7399523976d3cc9!8m2!3d25.0366616!4d121.5667248!16s%2Fg%2F11gbf8llhh?authuser=0&hl=zh-TW&rclk=1,4.3,701
食令shabu,https://www.google.com.tw/maps/place/%E9%A3%9F%E4%BB%A4shabu/data=!4m6!3m5!1s0x3442ababb720b911:0x661bd181279c1178!8m2!3d25.0334929!4d121.564101!16s%2Fg%2F11jmxrb9_s?authuser=0&hl=zh-TW&rclk=1,4.8,"1,733"
開丼 燒肉 VS 丼飯 信義新光店,https://www.google.com.tw/maps/place/%E9%96%8B%E4%B8%BC+%E7%87%92%E8%82%89+VS+%E4%B8%BC%E9%A3%AF+%E4%BF%A1%E7%BE%A9%E6%96%B0%E5%85%89%E5%BA%97/data=!4m6!3m5!1s0x3442aba5a4b6a9a7:0x9090c9fa3e73abe2!8m2!3d25.0387489!4d121.5666702!16s%2Fg%2F11fhkj6bxk?authuser=0&hl=zh-TW&rclk=1,3.9,258
麻辣45 本店( 重慶式麻辣火鍋 I 信義區景觀 I 信義區火鍋 I 和牛 I 獨立包廂 I 春酒尾牙 ),https://www.google.com.tw/maps/place/%E9%BA%BB%E8%BE%A345+%E6%9C%AC%E5%BA%97(+%E9%87%8D%E6%85%B6%E5%BC%8F%E9%BA%BB%E8%BE%A3%E7%81%AB%E9%8D%8B+I+%E4%BF%A1%E7%BE%A9%E5%8D%80%E6%99%AF%E8%A7%80+I+%E4%BF%A1%E7%BE%A9%E5%8D%80%E7%81%AB%E9%8D%8B+I+%E5%92%8C%E7%89%9B+I+%E7%8D%A8%E7%AB%8B%E5%8C%85%E5%BB%82+I+%E6%98%A5%E9%85%92%E5%B0%BE%E7%89%99+)/data=!4m6!3m5!1s0x3442ab1355a0f76b:0x6c17689e6f57dc5!8m2!3d25.0405044!4d121.5668964!16s%2Fg%2F11j07tmmf4?authuser=0&hl=zh-TW&rclk=1,3.9,777
一蘭 台灣台北本店,https://www.google.com.tw/maps/place/%E4%B8%80%E8%98%AD+%E5%8F%B0%E7%81%A3%E5%8F%B0%E5%8C%97%E6%9C%AC%E5%BA%97/data=!4m6!3m5!1s0x3442abba811b5ce3:0x2bc3f20642b199ef!8m2!3d25.0361643!4d121.5693468!16s%2Fg%2F11dyyx9cvy?authuser=0&hl=zh-TW&rclk=1,4.1,"16,705"
Mr.Old,https://www.google.com.tw/maps/place/Mr.Old/data=!4m6!3m5!1s0x3442aba392ce0d2b:0xd2a05e346be29288!8m2!3d25.0402078!4d121.5752476!16s%2Fg%2F11cn5pxvhz?authuser=0&hl=zh-TW&rclk=1,4.2,426
辛殿麻辣鍋｜信義店,https://www.google.com.tw/maps/place/%E8%BE%9B%E6%AE%BF%E9%BA%BB%E8%BE%A3%E9%8D%8B%EF%BD%9C%E4%BF%A1%E7%BE%A9%E5%BA%97/data=!4m6!3m5!1s0x3442abb0b11fc55b:0x9893d5ac7ad71aa1!8m2!3d25.03531!4d121.5660665!16s%2Fg%2F11bcdxtf1b?authuser=0&hl=zh-TW&rclk=1,3.9,"2,846"
彌生軒 YAYOI 信義ATT店,https://www.google.com.tw/maps/place/%E5%BD%8C%E7%94%9F%E8%BB%92+YAYOI+%E4%BF%A1%E7%BE%A9ATT%E5%BA%97/data=!4m6!3m5!1s0x3442ab488be0203b:0xede8cd873ac9a0f1!8m2!3d25.03531!4d121.5660665!16s%2Fg%2F11h91ldl2f?authuser=0&hl=zh-TW&rclk=1,4.2,285
紅豆食府 信義店,https://www.google.com.tw/maps/place/%E7%B4%85%E8%B1%86%E9%A3%9F%E5%BA%9C+%E4%BF%A1%E7%BE%A9%E5%BA%97/data=!4m6!3m5!1s0x3442abb0a4722229:0xe5c7f07cd1738202!8m2!3d25.0363392!4d121.5667018!16s%2Fg%2F1tj7t2f_?authuser=0&hl=zh-TW&rclk=1,3.5,425
Saffron 46,https://www.google.com.tw/maps/place/Saffron+46/data=!4m6!3m5!1s0x3442ab12e6ae3f01:0xd8efab3ee4ae4207!8m2!3d25.0341753!4d121.5669112!16s%2Fg%2F11h2nzmkp9?authuser=0&hl=zh-TW&rclk=1,4.3,994
隱世餐酒館(台北永春店)The Arcadia Bistro,https://www.google.com.tw/maps/place/%E9%9A%B1%E4%B8%96%E9%A4%90%E9%85%92%E9%A4%A8(%E5%8F%B0%E5%8C%97%E6%B0%B8%E6%98%A5%E5%BA%97)The+Arcadia+Bistro/data=!4m6!3m5!1s0x3442abf99bdc2e9f:0x3570ec294ccd5d!8m2!3d25.0411201!4d121.5731869!16s%2Fg%2F11llnyjb3y?authuser=0&hl=zh-TW&rclk=1,4.8,733
くら寿司 藏壽司 信義ATT店,https://www.google.com.tw/maps/place/%E3%81%8F%E3%82%89%E5%AF%BF%E5%8F%B8+%E8%97%8F%E5%A3%BD%E5%8F%B8+%E4%BF%A1%E7%BE%A9ATT%E5%BA%97/data=!4m6!3m5!1s0x3442aba71dc6899b:0x919fb9027c3d7d20!8m2!3d25.03531!4d121.5660665!16s%2Fg%2F11hgmy8dzy?authuser=0&hl=zh-TW&rclk=1,4.0,863
竹村居酒屋,https://www.google.com.tw/maps/place/%E7%AB%B9%E6%9D%91%E5%B1%85%E9%85%92%E5%B1%8B/data=!4m6!3m5!1s0x3442abb2cef5a075:0xaa5c0d578d7be71d!8m2!3d25.0256063!4d121.5692927!16s%2Fg%2F1w0p3bbn?authuser=0&hl=zh-TW&rclk=1,3.8,"1,277"
小川鍋物 新光三越信義A4店｜小農蔬菜火鍋｜信義區美食 信義區火鍋 信義區鍋物 市政府美食 市政府火鍋 市政府鍋物 小農鍋物,https://www.google.com.tw/maps/place/%E5%B0%8F%E5%B7%9D%E9%8D%8B%E7%89%A9+%E6%96%B0%E5%85%89%E4%B8%89%E8%B6%8A%E4%BF%A1%E7%BE%A9A4%E5%BA%97%EF%BD%9C%E5%B0%8F%E8%BE%B2%E8%94%AC%E8%8F%9C%E7%81%AB%E9%8D%8B%EF%BD%9C%E4%BF%A1%E7%BE%A9%E5%8D%80%E7%BE%8E%E9%A3%9F+%E4%BF%A1%E7%BE%A9%E5%8D%80%E7%81%AB%E9%8D%8B+%E4%BF%A1%E7%BE%A9%E5%8D%80%E9%8D%8B%E7%89%A9+%E5%B8%82%E6%94%BF%E5%BA%9C%E7%BE%8E%E9%A3%9F+%E5%B8%82%E6%94%BF%E5%BA%9C%E7%81%AB%E9%8D%8B+%E5%B8%82%E6%94%BF%E5%BA%9C%E9%8D%8B%E7%89%A9+%E5%B0%8F%E8%BE%B2%E9%8D%8B%E7%89%A9/data=!4m6!3m5!1s0x3442ab06b63e95df:0x264dda711e12ac32!8m2!3d25.0395325!4d121.5667553!16s%2Fg%2F11j0ytv2sc?authuser=0&hl=zh-TW&rclk=1,4.0,160
金子半之助 新光A8店,https://www.google.com.tw/maps/place/%E9%87%91%E5%AD%90%E5%8D%8A%E4%B9%8B%E5%8A%A9+%E6%96%B0%E5%85%89A8%E5%BA%97/data=!4m6!3m5!1s0x3442abba47fecf2b:0xa2c53402feb62faf!8m2!3d25.0387489!4d121.5666702!16s%2Fg%2F11f3bfg5gq?authuser=0&hl=zh-TW&rclk=1,4.1,"1,370"
CÉ LA VI 台北,https://www.google.com.tw/maps/place/C%C3%89+LA+VI+%E5%8F%B0%E5%8C%97/data=!4m6!3m5!1s0x3442ab5b3896b905:0x1e74397cfefb7d35!8m2!3d25.0344948!4d121.5659255!16s%2Fg%2F11h6ns21gc?authuser=0&hl=zh-TW&rclk=1,4.4,"1,507"
月月THAI BBQ - 遠百信義店,https://www.google.com.tw/maps/place/%E6%9C%88%E6%9C%88THAI+BBQ+-+%E9%81%A0%E7%99%BE%E4%BF%A1%E7%BE%A9%E5%BA%97/data=!4m6!3m5!1s0x3442ab656c1a6683:0x3ee2a7e3c83bdbdb!8m2!3d25.0368522!4d121.5681199!16s%2Fg%2F11fqt5dd48?authuser=0&hl=zh-TW&rclk=1,3.9,445
喜憨兒ENJOY 臺北餐廳,https://www.google.com.tw/maps/place/%E5%96%9C%E6%86%A8%E5%85%92ENJOY+%E8%87%BA%E5%8C%97%E9%A4%90%E5%BB%B3/data=!4m6!3m5!1s0x3442abb9dc73545d:0x5167ff468716e829!8m2!3d25.037531!4d121.5639969!16s%2Fg%2F1t_tg_bk?authuser=0&hl=zh-TW&rclk=1,4.5,233
We&Me Cafe好好文化創意,https://www.google.com.tw/maps/place/We%26Me+Cafe%E5%A5%BD%E5%A5%BD%E6%96%87%E5%8C%96%E5%89%B5%E6%84%8F/data=!4m6!3m5!1s0x3442abb94d03f33b:0xba6e0151f03746f6!8m2!3d25.0420002!4d121.5647139!16s%2Fg%2F12m96ygc6?authuser=0&hl=zh-TW&rclk=1,4.0,554
穿越香料 - 信義誠品,https://www.google.com.tw/maps/place/%E7%A9%BF%E8%B6%8A%E9%A6%99%E6%96%99+-+%E4%BF%A1%E7%BE%A9%E8%AA%A0%E5%93%81/data=!4m6!3m5!1s0x3467e6815278f977:0x1546d0309a4f704b!8m2!3d25.0397197!4d121.5658739!16s%2Fg%2F11clyvpp2h?authuser=0&hl=zh-TW&rclk=1,4.3,294
虎三同 韓食燒肉餐酒 HU3 KOREAN CUISINE,https://www.google.com.tw/maps/place/%E8%99%8E%E4%B8%89%E5%90%8C+%E9%9F%93%E9%A3%9F%E7%87%92%E8%82%89%E9%A4%90%E9%85%92+HU3+KOREAN+CUISINE/data=!4m6!3m5!1s0x3442ab869f0ead57:0x1162cc4c37eda2c1!8m2!3d25.0368001!4d121.5681278!16s%2Fg%2F11lrw6t50x?authuser=0&hl=zh-TW&rclk=1,4.4,761
BLAnC,https://www.google.com.tw/maps/place/BLAnC/data=!4m6!3m5!1s0x3442abb93205d453:0xe0b2bd6f05bdf9d!8m2!3d25.0421971!4d121.5634355!16s%2Fg%2F11bwknf76r?authuser=0&hl=zh-TW&rclk=1,4.4,362
象廚泰式料理,https://www.google.com.tw/maps/place/%E8%B1%A1%E5%BB%9A%E6%B3%B0%E5%BC%8F%E6%96%99%E7%90%86/data=!4m6!3m5!1s0x3442abbc1aae8e3b:0x817f87a2ae0123df!8m2!3d25.0425035!4d121.5662513!16s%2Fg%2F11c1n3bnzx?authuser=0&hl=zh-TW&rclk=1,4.3,990
小小麥台北信義店,https://www.google.com.tw/maps/place/%E5%B0%8F%E5%B0%8F%E9%BA%A5%E5%8F%B0%E5%8C%97%E4%BF%A1%E7%BE%A9%E5%BA%97/data=!4m6!3m5!1s0x3442ab66435bb93d:0xb43c5d300b0ee6c8!8m2!3d25.0441418!4d121.5688606!16s%2Fg%2F11hx7gbrjg?authuser=0&hl=zh-TW&rclk=1,4.6,541
魚韻日式料理 北醫店,https://www.google.com.tw/maps/place/%E9%AD%9A%E9%9F%BB%E6%97%A5%E5%BC%8F%E6%96%99%E7%90%86+%E5%8C%97%E9%86%AB%E5%BA%97/data=!4m6!3m5!1s0x3442abb5281438dd:0x539d53dc6e422377!8m2!3d25.0273313!4d121.5625647!16s%2Fg%2F11gf60ncf9?authuser=0&hl=zh-TW&rclk=1,4.7,372
香茅廚 微風南山店(Chef Lemongrass Thai Bistro Nanshan),https://www.google.com.tw/maps/place/%E9%A6%99%E8%8C%85%E5%BB%9A+%E5%BE%AE%E9%A2%A8%E5%8D%97%E5%B1%B1%E5%BA%97(Chef+Lemongrass+Thai+Bistro+Nanshan)/data=!4m6!3m5!1s0x3442ab4f247b1d37:0xada4dbc5e94727fa!8m2!3d25.0343073!4d121.5659555!16s%2Fg%2F11j36jg94w?authuser=0&hl=zh-TW&rclk=1,4.7,986
春寅食堂,https://www.google.com.tw/maps/place/%E6%98%A5%E5%AF%85%E9%A3%9F%E5%A0%82/data=!4m6!3m5!1s0x3442abd033ba21e3:0x5729d508e307cfa9!8m2!3d25.0404595!4d121.5742148!16s%2Fg%2F11j1z36lz0?authuser=0&hl=zh-TW&rclk=1,4.3,475
Café del SOL 福岡人氣第一鬆餅,https://www.google.com.tw/maps/place/Caf%C3%A9+del+SOL+%E7%A6%8F%E5%B2%A1%E4%BA%BA%E6%B0%A3%E7%AC%AC%E4%B8%80%E9%AC%86%E9%A4%85/data=!4m6!3m5!1s0x3442ab51df9e88ff:0x3e12dc273e7c2ebf!8m2!3d25.0405778!4d121.5671!16s%2Fg%2F11f9htfnlp?authuser=0&hl=zh-TW&rclk=1,4.1,"2,183"
北平采芝樓餐廳,https://www.google.com.tw/maps/place/%E5%8C%97%E5%B9%B3%E9%87%87%E8%8A%9D%E6%A8%93%E9%A4%90%E5%BB%B3/data=!4m6!3m5!1s0x3442ab9874f908bd:0x35cc220c0dfe408f!8m2!3d25.0454256!4d121.5740418!16s%2Fg%2F1tgwpz7_?authuser=0&hl=zh-TW&rclk=1,3.9,499
古記雞.私房菜.居酒屋,https://www.google.com.tw/maps/place/%E5%8F%A4%E8%A8%98%E9%9B%9E.%E7%A7%81%E6%88%BF%E8%8F%9C.%E5%B1%85%E9%85%92%E5%B1%8B/data=!4m6!3m5!1s0x3442abe14882b549:0x6acd5470ab595a83!8m2!3d25.040532!4d121.572814!16s%2Fg%2F11bx1y_9hp?authuser=0&hl=zh-TW&rclk=1,4.2,919
鼎泰豐 遠百信義A13店,https://www.google.com.tw/maps/place/%E9%BC%8E%E6%B3%B0%E8%B1%90+%E9%81%A0%E7%99%BE%E4%BF%A1%E7%BE%A9A13%E5%BA%97/data=!4m6!3m5!1s0x3442abee55b005c1:0x653b1d365b386044!8m2!3d25.0367849!4d121.5679567!16s%2Fg%2F11j8_w0dsq?authuser=0&hl=zh-TW&rclk=1,4.5,"1,140"
馬辣頂級麻辣鴛鴦火鍋 信義店,https://www.google.com.tw/maps/place/%E9%A6%AC%E8%BE%A3%E9%A0%82%E7%B4%9A%E9%BA%BB%E8%BE%A3%E9%B4%9B%E9%B4%A6%E7%81%AB%E9%8D%8B+%E4%BF%A1%E7%BE%A9%E5%BA%97/data=!4m6!3m5!1s0x3442abb0844fc4f5:0x1915eb1b129c8a8!8m2!3d25.0354574!4d121.5678596!16s%2Fg%2F1v_0ggn4?authuser=0&hl=zh-TW&rclk=1,4.5,"4,355"
Herbivore Vegan料理,https://www.google.com.tw/maps/place/Herbivore+Vegan%E6%96%99%E7%90%86/data=!4m6!3m5!1s0x3442abbbcf12687d:0x64a5457fdd180360!8m2!3d25.0396539!4d121.5667018!16s%2Fg%2F11gg98tm3t?authuser=0&hl=zh-TW&rclk=1,4.1,840
黑毛屋本家 信義店(日式個人鍋物|日本和牛鍋物|信義新光三越A4火鍋),https://www.google.com.tw/maps/place/%E9%BB%91%E6%AF%9B%E5%B1%8B%E6%9C%AC%E5%AE%B6+%E4%BF%A1%E7%BE%A9%E5%BA%97(%E6%97%A5%E5%BC%8F%E5%80%8B%E4%BA%BA%E9%8D%8B%E7%89%A9%7C%E6%97%A5%E6%9C%AC%E5%92%8C%E7%89%9B%E9%8D%8B%E7%89%A9%7C%E4%BF%A1%E7%BE%A9%E6%96%B0%E5%85%89%E4%B8%89%E8%B6%8AA4%E7%81%AB%E9%8D%8B)/data=!4m6!3m5!1s0x3442abb09c664593:0xf98c7d46a5ea6a46!8m2!3d25.0395325!4d121.5667147!16s%2Fg%2F1ptxr7fsp?authuser=0&hl=zh-TW&rclk=1,4.0,808
安吉食堂,https://www.google.com.tw/maps/place/%E5%AE%89%E5%90%89%E9%A3%9F%E5%A0%82/data=!4m6!3m5!1s0x3442ab041b27eea1:0x5b8ee72b18a04454!8m2!3d25.0415369!4d121.5720785!16s%2Fg%2F11h75vk8v7?authuser=0&hl=zh-TW&rclk=1,4.3,253
英國奶奶•手做料理• Britshake2,https://www.google.com.tw/maps/place/%E8%8B%B1%E5%9C%8B%E5%A5%B6%E5%A5%B6%E2%80%A2%E6%89%8B%E5%81%9A%E6%96%99%E7%90%86%E2%80%A2+Britshake2/data=!4m6!3m5!1s0x3442a7e90023fe77:0x953bde75193e9ad1!8m2!3d25.042273!4d121.566762!16s%2Fg%2F11f_1hrlvm?authuser=0&hl=zh-TW&rclk=1,4.2,"1,006"
劍持屋 (新光三越A4),https://www.google.com.tw/maps/place/%E5%8A%8D%E6%8C%81%E5%B1%8B+(%E6%96%B0%E5%85%89%E4%B8%89%E8%B6%8AA4)/data=!4m6!3m5!1s0x3442abbbb609d58f:0xf4d1c5ccd886706f!8m2!3d25.0396958!4d121.5667281!16s%2Fg%2F11btws5qs3?authuser=0&hl=zh-TW&rclk=1,3.9,612
享佳客家小館,https://www.google.com.tw/maps/place/%E4%BA%AB%E4%BD%B3%E5%AE%A2%E5%AE%B6%E5%B0%8F%E9%A4%A8/data=!4m6!3m5!1s0x3442aba383e2c8b3:0x26beb9b087a03dbb!8m2!3d25.040237!4d121.5744111!16s%2Fg%2F11f57jycnj?authuser=0&hl=zh-TW&rclk=1,4.4,206
越南東家 鮮物蒸汽鍋 羊肉爐,https://www.google.com.tw/maps/place/%E8%B6%8A%E5%8D%97%E6%9D%B1%E5%AE%B6+%E9%AE%AE%E7%89%A9%E8%92%B8%E6%B1%BD%E9%8D%8B+%E7%BE%8A%E8%82%89%E7%88%90/data=!4m6!3m5!1s0x3442abaf671ce05f:0x2a2254d2c6da0222!8m2!3d25.0337955!4d121.575184!16s%2Fg%2F11c14xls68?authuser=0&hl=zh-TW&rclk=1,4.0,255
十二籃粥火鍋 逸仙店,https://www.google.com.tw/maps/place/%E5%8D%81%E4%BA%8C%E7%B1%83%E7%B2%A5%E7%81%AB%E9%8D%8B+%E9%80%B8%E4%BB%99%E5%BA%97/data=!4m6!3m5!1s0x3442abb903676b8b:0x591fa610d920ea28!8m2!3d25.0404799!4d121.5629965!16s%2Fg%2F11b6shcbq_?authuser=0&hl=zh-TW&rclk=1,4.3,"1,134"
waku waku pasta 市府店,https://www.google.com.tw/maps/place/waku+waku+pasta+%E5%B8%82%E5%BA%9C%E5%BA%97/data=!4m6!3m5!1s0x3442ab5c8bc6b4af:0xc0d5c201f4f37922!8m2!3d25.0397197!4d121.5658739!16s%2Fg%2F11rbskvdf4?authuser=0&hl=zh-TW&rclk=1,4.5,511
易鄉涼麵,https://www.google.com.tw/maps/place/%E6%98%93%E9%84%89%E6%B6%BC%E9%BA%B5/data=!4m6!3m5!1s0x3442aba3e4f921d5:0xf47746450dd4b056!8m2!3d25.0402377!4d121.5764809!16s%2Fg%2F11cn6px_3z?authuser=0&hl=zh-TW&rclk=1,4.7,433
gubami Social,https://www.google.com.tw/maps/place/gubami+Social/data=!4m6!3m5!1s0x3442abfac4b4bf4d:0xf5980225016857ca!8m2!3d25.0363104!4d121.5668588!16s%2Fg%2F11swpljs0t?authuser=0&hl=zh-TW&rclk=1,4.1,86
初泰信義象山門市,https://www.google.com.tw/maps/place/%E5%88%9D%E6%B3%B0%E4%BF%A1%E7%BE%A9%E8%B1%A1%E5%B1%B1%E9%96%80%E5%B8%82/data=!4m6!3m5!1s0x3442ab154ad0e5d5:0x422a7d24fc2fd1fb!8m2!3d25.0323541!4d121.5691616!16s%2Fg%2F11sm8pqpzq?authuser=0&hl=zh-TW&rclk=1,4.0,181
草蔬宴義式蔬食餐廳,https://www.google.com.tw/maps/place/%E8%8D%89%E8%94%AC%E5%AE%B4%E7%BE%A9%E5%BC%8F%E8%94%AC%E9%A3%9F%E9%A4%90%E5%BB%B3/data=!4m6!3m5!1s0x3442a95e6440b841:0x4546827ac57d0ad3!8m2!3d25.0430044!4d121.5628452!16s%2Fg%2F11cn8ymskf?authuser=0&hl=zh-TW&rclk=1,4.5,"1,362"
一品活蝦市府店,https://www.google.com.tw/maps/place/%E4%B8%80%E5%93%81%E6%B4%BB%E8%9D%A6%E5%B8%82%E5%BA%9C%E5%BA%97/data=!4m6!3m5!1s0x3442abbc9e631bfd:0x62b308f1da6cd939!8m2!3d25.0412045!4d121.5695249!16s%2Fg%2F11b77q53tf?authuser=0&hl=zh-TW&rclk=1,4.2,676
馬來麵A11信義新光店-寶林蔬食麵食專賣-Polam Kopitiam,https://www.google.com.tw/maps/place/%E9%A6%AC%E4%BE%86%E9%BA%B5A11%E4%BF%A1%E7%BE%A9%E6%96%B0%E5%85%89%E5%BA%97-%E5%AF%B6%E6%9E%97%E8%94%AC%E9%A3%9F%E9%BA%B5%E9%A3%9F%E5%B0%88%E8%B3%A3-Polam+Kopitiam/data=!4m6!3m5!1s0x3442ab1f6c32c721:0x2cb525667e87d475!8m2!3d25.036621!4d121.567258!16s%2Fg%2F11sr799vhk?authuser=0&hl=zh-TW&rclk=1,4.3,46
滇味廚房,https://www.google.com.tw/maps/place/%E6%BB%87%E5%91%B3%E5%BB%9A%E6%88%BF/data=!4m6!3m5!1s0x3442abbc843d6191:0x3a08997c11e0de43!8m2!3d25.0414748!4d121.5686372!16s%2Fg%2F1tx131v5?authuser=0&hl=zh-TW&rclk=1,4.1,"1,130"
The Cake Room - 台北遠東香格里拉,https://www.google.com.tw/maps/place/The+Cake+Room+-+%E5%8F%B0%E5%8C%97%E9%81%A0%E6%9D%B1%E9%A6%99%E6%A0%BC%E9%87%8C%E6%8B%89/data=!4m6!3m5!1s0x3442aa326e57305b:0x4b34724482befe38!8m2!3d25.026612!4d121.549282!16s%2Fg%2F1ptw40blf?authuser=0&hl=zh-TW&rclk=1,4.5,41
智勝鮮食,https://www.google.com.tw/maps/place/%E6%99%BA%E5%8B%9D%E9%AE%AE%E9%A3%9F/data=!4m6!3m5!1s0x3442a96ab6d5472f:0x58876a36a406c4a3!8m2!3d25.0365281!4d121.5597452!16s%2Fg%2F11j19t669z?authuser=0&hl=zh-TW&rclk=1,4.8,69
京都勝牛-信義新光A11店,https://www.google.com.tw/maps/place/%E4%BA%AC%E9%83%BD%E5%8B%9D%E7%89%9B-%E4%BF%A1%E7%BE%A9%E6%96%B0%E5%85%89A11%E5%BA%97/data=!4m6!3m5!1s0x3442ab8ca124fa19:0xa4a8e4e678111a78!8m2!3d25.0365446!4d121.5672369!16s%2Fg%2F11fd51768g?authuser=0&hl=zh-TW&rclk=1,4.1,"1,889"
TAMED FOX XINYI,https://www.google.com.tw/maps/place/TAMED+FOX+XINYI/data=!4m6!3m5!1s0x3442aba3de2ab327:0xa714062955bba236!8m2!3d25.0369882!4d121.5692982!16s%2Fg%2F11hlc6y4ck?authuser=0&hl=zh-TW&rclk=1,4.3,592
永心鳳茶微風信義店,https://www.google.com.tw/maps/place/%E6%B0%B8%E5%BF%83%E9%B3%B3%E8%8C%B6%E5%BE%AE%E9%A2%A8%E4%BF%A1%E7%BE%A9%E5%BA%97/data=!4m6!3m5!1s0x3442abbb7fe36d67:0x6a3c05fbf28a37b5!8m2!3d25.040505!4d121.5669081!16s%2Fg%2F11f5537flw?authuser=0&hl=zh-TW&rclk=1,3.9,"1,836"
武鼎越豐,https://www.google.com.tw/maps/place/%E6%AD%A6%E9%BC%8E%E8%B6%8A%E8%B1%90/data=!4m6!3m5!1s0x3442abbc8861d52d:0xc3d77c1dbab65d64!8m2!3d25.0418167!4d121.5687979!16s%2Fg%2F1thxsxz8?authuser=0&hl=zh-TW&rclk=1,4.2,"2,449"
胡饕米粉湯55年老店（台北市府店）市政府美食/市政府美食外送/市政府小吃/信義區美食/信義區小吃/信義區宵夜/信義區美食外送,https://www.google.com.tw/maps/place/%E8%83%A1%E9%A5%95%E7%B1%B3%E7%B2%89%E6%B9%AF55%E5%B9%B4%E8%80%81%E5%BA%97%EF%BC%88%E5%8F%B0%E5%8C%97%E5%B8%82%E5%BA%9C%E5%BA%97%EF%BC%89%E5%B8%82%E6%94%BF%E5%BA%9C%E7%BE%8E%E9%A3%9F%2F%E5%B8%82%E6%94%BF%E5%BA%9C%E7%BE%8E%E9%A3%9F%E5%A4%96%E9%80%81%2F%E5%B8%82%E6%94%BF%E5%BA%9C%E5%B0%8F%E5%90%83%2F%E4%BF%A1%E7%BE%A9%E5%8D%80%E7%BE%8E%E9%A3%9F%2F%E4%BF%A1%E7%BE%A9%E5%8D%80%E5%B0%8F%E5%90%83%2F%E4%BF%A1%E7%BE%A9%E5%8D%80%E5%AE%B5%E5%A4%9C%2F%E4%BF%A1%E7%BE%A9%E5%8D%80%E7%BE%8E%E9%A3%9F%E5%A4%96%E9%80%81/data=!4m6!3m5!1s0x3442ab44526e439f:0xcc932495838be4a5!8m2!3d25.042478!4d121.568562!16s%2Fg%2F11ghp2042x?authuser=0&hl=zh-TW&rclk=1,4.0,"1,010"
初牛 台北松德店,https://www.google.com.tw/maps/place/%E5%88%9D%E7%89%9B+%E5%8F%B0%E5%8C%97%E6%9D%BE%E5%BE%B7%E5%BA%97/data=!4m6!3m5!1s0x3442aba4539d4751:0xb462e8d291b787f1!8m2!3d25.0374025!4d121.5744763!16s%2Fg%2F11gzh8tgl?authuser=0&hl=zh-TW&rclk=1,4.2,"1,123"
隨意商務酒吧 隨意吧 101-36F,https://www.google.com.tw/maps/place/%E9%9A%A8%E6%84%8F%E5%95%86%E5%8B%99%E9%85%92%E5%90%A7+%E9%9A%A8%E6%84%8F%E5%90%A7+101-36F/data=!4m6!3m5!1s0x3442abb6da80a7ad:0x22f7d31f4f2dc68b!8m2!3d25.0337675!4d121.5648602!16s%2Fg%2F1pzx6fxkq?authuser=0&hl=zh-TW&rclk=1,4.2,504
北緯二十五,https://www.google.com.tw/maps/place/%E5%8C%97%E7%B7%AF%E4%BA%8C%E5%8D%81%E4%BA%94/data=!4m6!3m5!1s0x3442abba545c9cc7:0x9a691d982bf6f879!8m2!3d25.0382675!4d121.5681767!16s%2Fg%2F11b6nm4_d1?authuser=0&hl=zh-TW&rclk=1,4.1,322
BURGER OUT,https://www.google.com.tw/maps/place/BURGER+OUT/data=!4m6!3m5!1s0x3442ab3840592b03:0xc668a05950184f80!8m2!3d25.0431622!4d121.5630698!16s%2Fg%2F11fhv3pgdx?authuser=0&hl=zh-TW&rclk=1,4.7,504
乾杯吧',https://www.google.com.tw/maps/place/%E4%B9%BE%E6%9D%AF%E5%90%A7'/data=!4m6!3m5!1s0x3442abb0b6348785:0x8ab920313927984c!8m2!3d25.03531!4d121.5660665!16s%2Fg%2F11cn7wq9vz?authuser=0&hl=zh-TW&rclk=1,5.0,1
南方漁場,https://www.google.com.tw/maps/place/%E5%8D%97%E6%96%B9%E6%BC%81%E5%A0%B4/data=!4m6!3m5!1s0x3442ab379b0f1543:0x7306da96d27d7aac!8m2!3d25.0416275!4d121.5718391!16s%2Fg%2F11h2fffvmd?authuser=0&hl=zh-TW&rclk=1,4.8,453
春水堂 信義店,https://www.google.com.tw/maps/place/%E6%98%A5%E6%B0%B4%E5%A0%82+%E4%BF%A1%E7%BE%A9%E5%BA%97/data=!4m6!3m5!1s0x3442abba13830a9b:0xc96d801b83b96223!8m2!3d25.0366485!4d121.5667595!16s%2Fg%2F1w4vgmcp?authuser=0&hl=zh-TW&rclk=1,3.9,"1,661"
明德素食園誠品信義店,https://www.google.com.tw/maps/place/%E6%98%8E%E5%BE%B7%E7%B4%A0%E9%A3%9F%E5%9C%92%E8%AA%A0%E5%93%81%E4%BF%A1%E7%BE%A9%E5%BA%97/data=!4m6!3m5!1s0x3442abbbd49807b9:0xe43624244ffc8f59!8m2!3d25.0397197!4d121.5658739!16s%2Fg%2F1tksfhj3?authuser=0&hl=zh-TW&rclk=1,4.0,283
阿公的汪喵厝-寵物友善餐廳,https://www.google.com.tw/maps/place/%E9%98%BF%E5%85%AC%E7%9A%84%E6%B1%AA%E5%96%B5%E5%8E%9D-%E5%AF%B5%E7%89%A9%E5%8F%8B%E5%96%84%E9%A4%90%E5%BB%B3/data=!4m6!3m5!1s0x3442ab5f9ac76c3b:0x794fa6168e20bad0!8m2!3d25.0456911!4d121.5748843!16s%2Fg%2F11hj7p20jt?authuser=0&hl=zh-TW&rclk=1,4.9,118
青春漢堡 · Aoharu Burger 台北世貿店,https://www.google.com.tw/maps/place/%E9%9D%92%E6%98%A5%E6%BC%A2%E5%A0%A1+%C2%B7+Aoharu+Burger+%E5%8F%B0%E5%8C%97%E4%B8%96%E8%B2%BF%E5%BA%97/data=!4m6!3m5!1s0x3442abc6b079f071:0xfa9587ed13f66e3a!8m2!3d25.0317105!4d121.5601279!16s%2Fg%2F11rv3w_xll?authuser=0&hl=zh-TW&rclk=1,4.3,117
くら寿司 藏壽司 微風松高店,https://www.google.com.tw/maps/place/%E3%81%8F%E3%82%89%E5%AF%BF%E5%8F%B8+%E8%97%8F%E5%A3%BD%E5%8F%B8+%E5%BE%AE%E9%A2%A8%E6%9D%BE%E9%AB%98%E5%BA%97/data=!4m6!3m5!1s0x3442aba9b73a40f1:0xbce945b09f151877!8m2!3d25.0387076!4d121.56729!16s%2Fg%2F11j0vfttb6?authuser=0&hl=zh-TW&rclk=1,4.2,"1,538"
遠百信義A13 炸牛元村,https://www.google.com.tw/maps/place/%E9%81%A0%E7%99%BE%E4%BF%A1%E7%BE%A9A13+%E7%82%B8%E7%89%9B%E5%85%83%E6%9D%91/data=!4m6!3m5!1s0x3442abd73406020f:0x108ae556320dab25!8m2!3d25.0368737!4d121.5679503!16s%2Fg%2F11j7y1tcjg?authuser=0&hl=zh-TW&rclk=1,4.8,"2,402"
WILDWOOD 原木燒烤牛排海鮮餐廳,https://www.google.com.tw/maps/place/WILDWOOD+%E5%8E%9F%E6%9C%A8%E7%87%92%E7%83%A4%E7%89%9B%E6%8E%92%E6%B5%B7%E9%AE%AE%E9%A4%90%E5%BB%B3/data=!4m6!3m5!1s0x3442ab53f91999e7:0x39c32568106a68b1!8m2!3d25.036389!4d121.5667324!16s%2Fg%2F11rcys9tlm?authuser=0&hl=zh-TW&rclk=1,4.3,295
PAUL保羅 新光三越信義A9店,https://www.google.com.tw/maps/place/PAUL%E4%BF%9D%E7%BE%85+%E6%96%B0%E5%85%89%E4%B8%89%E8%B6%8A%E4%BF%A1%E7%BE%A9A9%E5%BA%97/data=!4m6!3m5!1s0x3442abba14b2f1e7:0x23135625d4ef9b1!8m2!3d25.0363728!4d121.5666991!16s%2Fg%2F1wtbrlhq?authuser=0&hl=zh-TW&rclk=1,4.0,935
泰初-【信義總店】信義區泰式｜泰式便當｜商務便當｜綠咖哩｜打拋豬｜特色美食｜泰式料理｜瑪莎曼咖哩｜紅咖哩｜咖哩｜便當｜松山路｜美食｜,https://www.google.com.tw/maps/place/%E6%B3%B0%E5%88%9D-%E3%80%90%E4%BF%A1%E7%BE%A9%E7%B8%BD%E5%BA%97%E3%80%91%E4%BF%A1%E7%BE%A9%E5%8D%80%E6%B3%B0%E5%BC%8F%EF%BD%9C%E6%B3%B0%E5%BC%8F%E4%BE%BF%E7%95%B6%EF%BD%9C%E5%95%86%E5%8B%99%E4%BE%BF%E7%95%B6%EF%BD%9C%E7%B6%A0%E5%92%96%E5%93%A9%EF%BD%9C%E6%89%93%E6%8B%8B%E8%B1%AC%EF%BD%9C%E7%89%B9%E8%89%B2%E7%BE%8E%E9%A3%9F%EF%BD%9C%E6%B3%B0%E5%BC%8F%E6%96%99%E7%90%86%EF%BD%9C%E7%91%AA%E8%8E%8E%E6%9B%BC%E5%92%96%E5%93%A9%EF%BD%9C%E7%B4%85%E5%92%96%E5%93%A9%EF%BD%9C%E5%92%96%E5%93%A9%EF%BD%9C%E4%BE%BF%E7%95%B6%EF%BD%9C%E6%9D%BE%E5%B1%B1%E8%B7%AF%EF%BD%9C%E7%BE%8E%E9%A3%9F%EF%BD%9C/data=!4m6!3m5!1s0x3442ab4823d7eb51:0x4ab0b49e1a66c9bb!8m2!3d25.0376538!4d121.5774168!16s%2Fg%2F11pwxtt2vd?authuser=0&hl=zh-TW&rclk=1,4.8,87
小凱悅南村小吃店,https://www.google.com.tw/maps/place/%E5%B0%8F%E5%87%B1%E6%82%85%E5%8D%97%E6%9D%91%E5%B0%8F%E5%90%83%E5%BA%97/data=!4m6!3m5!1s0x3442abb5ed651da7:0x5678285f3350ff3e!8m2!3d25.0313429!4d121.5605751!16s%2Fg%2F1tfsf33y?authuser=0&hl=zh-TW&rclk=1,3.7,"1,449"
麵食主義 KIRIN PASTA 忠孝店,https://www.google.com.tw/maps/place/%E9%BA%B5%E9%A3%9F%E4%B8%BB%E7%BE%A9+KIRIN+PASTA+%E5%BF%A0%E5%AD%9D%E5%BA%97/data=!4m6!3m5!1s0x3442abbc9d4a7c97:0x309e45eb1477a007!8m2!3d25.0412245!4d121.5691288!16s%2Fg%2F1tdbzbjx?authuser=0&hl=zh-TW&rclk=1,4.1,"1,170"
浮誇軒,https://www.google.com.tw/maps/place/%E6%B5%AE%E8%AA%87%E8%BB%92/data=!4m6!3m5!1s0x3442abfd7ae1fd91:0xf0642fc208c739b8!8m2!3d25.040682!4d121.5669646!16s%2Fg%2F11t2z12jx9?authuser=0&hl=zh-TW&rclk=1,4.2,39
凱薩溫雲南泰式料理,https://www.google.com.tw/maps/place/%E5%87%B1%E8%96%A9%E6%BA%AB%E9%9B%B2%E5%8D%97%E6%B3%B0%E5%BC%8F%E6%96%99%E7%90%86/data=!4m6!3m5!1s0x3442abbcfb4d498b:0x51d45a06e9fdc576!8m2!3d25.0434283!4d121.5691023!16s%2Fg%2F11hbbld3kt?authuser=0&hl=zh-TW&rclk=1,4.5,249
漾紅花鐵板燒 新光三越信義新天地A11店,https://www.google.com.tw/maps/place/%E6%BC%BE%E7%B4%85%E8%8A%B1%E9%90%B5%E6%9D%BF%E7%87%92+%E6%96%B0%E5%85%89%E4%B8%89%E8%B6%8A%E4%BF%A1%E7%BE%A9%E6%96%B0%E5%A4%A9%E5%9C%B0A11%E5%BA%97/data=!4m6!3m5!1s0x3442abb09e8d2ea3:0xd141a9956eee7cc3!8m2!3d25.0370149!4d121.5672753!16s%2Fg%2F11c42j64jx?authuser=0&hl=zh-TW&rclk=1,2.8,178
Yes me 手研早餐,https://www.google.com.tw/maps/place/Yes+me+%E6%89%8B%E7%A0%94%E6%97%A9%E9%A4%90/data=!4m6!3m5!1s0x3442abb6b86df5e7:0x66124c8f408b8070!8m2!3d25.0401393!4d121.5628688!16s%2Fg%2F11h_z9xscb?authuser=0&hl=zh-TW&rclk=1,4.3,236
一幻拉麵 台北信義店,https://www.google.com.tw/maps/place/%E4%B8%80%E5%B9%BB%E6%8B%89%E9%BA%B5+%E5%8F%B0%E5%8C%97%E4%BF%A1%E7%BE%A9%E5%BA%97/data=!4m6!3m5!1s0x3442abb086a12369:0xe11794025d2da997!8m2!3d25.0354792!4d121.5681028!16s%2Fg%2F11bwpz7q3x?authuser=0&hl=zh-TW&rclk=1,4.2,"3,852"
一蘭 台灣台北別館,https://www.google.com.tw/maps/place/%E4%B8%80%E8%98%AD+%E5%8F%B0%E7%81%A3%E5%8F%B0%E5%8C%97%E5%88%A5%E9%A4%A8/data=!4m6!3m5!1s0x3442ab9922acc39f:0xbe47e0c022a5a737!8m2!3d25.0363184!4d121.5673263!16s%2Fg%2F11f5v5zxs8?authuser=0&hl=zh-TW&rclk=1,4.2,"4,665"
臺北市政府員工餐廳,https://www.google.com.tw/maps/place/%E8%87%BA%E5%8C%97%E5%B8%82%E6%94%BF%E5%BA%9C%E5%93%A1%E5%B7%A5%E9%A4%90%E5%BB%B3/data=!4m6!3m5!1s0x3442abc29dd4736d:0x581dbefa65bda186!8m2!3d25.037525!4d121.564395!16s%2Fg%2F11qbgypqkf?authuser=0&hl=zh-TW&rclk=1,3.5,2
海壽司統一時代,https://www.google.com.tw/maps/place/%E6%B5%B7%E5%A3%BD%E5%8F%B8%E7%B5%B1%E4%B8%80%E6%99%82%E4%BB%A3/data=!4m6!3m5!1s0x3442abb95faee141:0xb3e7f82328ce047a!8m2!3d25.0406227!4d121.5654586!16s%2Fg%2F1pzpvvpsb?authuser=0&hl=zh-TW&rclk=1,3.4,309
男子漢拉麵食堂-信義永春店,https://www.google.com.tw/maps/place/%E7%94%B7%E5%AD%90%E6%BC%A2%E6%8B%89%E9%BA%B5%E9%A3%9F%E5%A0%82-%E4%BF%A1%E7%BE%A9%E6%B0%B8%E6%98%A5%E5%BA%97/data=!4m6!3m5!1s0x3442aba3ed2f9dfb:0xa707a32245b24e87!8m2!3d25.0404201!4d121.5755533!16s%2Fg%2F11dyzlt7km?authuser=0&hl=zh-TW&rclk=1,4.1,766
Pizza3/Pizza3次方,https://www.google.com.tw/maps/place/Pizza3%2FPizza3%E6%AC%A1%E6%96%B9/data=!4m6!3m5!1s0x3442abf0ccf36673:0x18f9b80b3762bb2d!8m2!3d25.0370933!4d121.5793883!16s%2Fg%2F11rr27n_55?authuser=0&hl=zh-TW&rclk=1,4.8,63
沐樺和牛海鮮火鍋muhua_shabushabu-信義區火鍋 信義微風美食 信義區涮涮鍋 信義區和牛火鍋,https://www.google.com.tw/maps/place/%E6%B2%90%E6%A8%BA%E5%92%8C%E7%89%9B%E6%B5%B7%E9%AE%AE%E7%81%AB%E9%8D%8Bmuhua_shabushabu-%E4%BF%A1%E7%BE%A9%E5%8D%80%E7%81%AB%E9%8D%8B+%E4%BF%A1%E7%BE%A9%E5%BE%AE%E9%A2%A8%E7%BE%8E%E9%A3%9F+%E4%BF%A1%E7%BE%A9%E5%8D%80%E6%B6%AE%E6%B6%AE%E9%8D%8B+%E4%BF%A1%E7%BE%A9%E5%8D%80%E5%92%8C%E7%89%9B%E7%81%AB%E9%8D%8B/data=!4m6!3m5!1s0x3442ab920bb52d8d:0xa48ebe327000dc5a!8m2!3d25.0343203!4d121.5663022!16s%2Fg%2F12j5sw91k?authuser=0&hl=zh-TW&rclk=1,3.8,561
McDonald’s 麥當勞 信義誠品店,https://www.google.com.tw/maps/place/McDonald%E2%80%99s+%E9%BA%A5%E7%95%B6%E5%8B%9E+%E4%BF%A1%E7%BE%A9%E8%AA%A0%E5%93%81%E5%BA%97/data=!4m6!3m5!1s0x3442abbbd6ce12a5:0x663b48b3b7e4e413!8m2!3d25.0395588!4d121.5657977!16s%2Fg%2F11byxfb1bl?authuser=0&hl=zh-TW&rclk=1,3.2,412
辛巴適麻辣鍋-台北1號店,https://www.google.com.tw/maps/place/%E8%BE%9B%E5%B7%B4%E9%81%A9%E9%BA%BB%E8%BE%A3%E9%8D%8B-%E5%8F%B0%E5%8C%971%E8%99%9F%E5%BA%97/data=!4m6!3m5!1s0x3442ab36ba112da3:0x2016e22b3bbc0d15!8m2!3d25.035259!4d121.5660561!16s%2Fg%2F11rkn4kpq8?authuser=0&hl=zh-TW&rclk=1,4.7,"1,782"
王鍋屋逸仙總店-酸白菜鍋專門店 Shabu Ong｜台北信義大安東區火鍋推薦美食餐廳,https://www.google.com.tw/maps/place/%E7%8E%8B%E9%8D%8B%E5%B1%8B%E9%80%B8%E4%BB%99%E7%B8%BD%E5%BA%97-%E9%85%B8%E7%99%BD%E8%8F%9C%E9%8D%8B%E5%B0%88%E9%96%80%E5%BA%97+Shabu+Ong%EF%BD%9C%E5%8F%B0%E5%8C%97%E4%BF%A1%E7%BE%A9%E5%A4%A7%E5%AE%89%E6%9D%B1%E5%8D%80%E7%81%AB%E9%8D%8B%E6%8E%A8%E8%96%A6%E7%BE%8E%E9%A3%9F%E9%A4%90%E5%BB%B3/data=!4m6!3m5!1s0x3442ab5459e2cabd:0xedc9c5de4989d90a!8m2!3d25.040431!4d121.562627!16s%2Fg%2F11f6y4zxrj?authuser=0&hl=zh-TW&rclk=1,4.2,396
寶吉祥蔬食料理廚房,https://www.google.com.tw/maps/place/%E5%AF%B6%E5%90%89%E7%A5%A5%E8%94%AC%E9%A3%9F%E6%96%99%E7%90%86%E5%BB%9A%E6%88%BF/data=!4m6!3m5!1s0x3442abb90408e897:0x785c502fc64f672c!8m2!3d25.0402887!4d121.5631448!16s%2Fg%2F11b7g0ybhp?authuser=0&hl=zh-TW&rclk=1,4.8,422
佳佳甜品 - 基隆路店,https://www.google.com.tw/maps/place/%E4%BD%B3%E4%BD%B3%E7%94%9C%E5%93%81+-+%E5%9F%BA%E9%9A%86%E8%B7%AF%E5%BA%97/data=!4m6!3m5!1s0x3442abbc1d08e847:0x7c88f489b9583bf4!8m2!3d25.0426428!4d121.565769!16s%2Fg%2F11gfb51tnf?authuser=0&hl=zh-TW&rclk=1,4.2,"1,383"
瑞記海南雞飯 永吉店,https://www.google.com.tw/maps/place/%E7%91%9E%E8%A8%98%E6%B5%B7%E5%8D%97%E9%9B%9E%E9%A3%AF+%E6%B0%B8%E5%90%89%E5%BA%97/data=!4m6!3m5!1s0x3442abbcf31a26af:0x4442dadec4b8659!8m2!3d25.0426123!4d121.5689528!16s%2Fg%2F11c6cj5ppv?authuser=0&hl=zh-TW&rclk=1,4.1,"1,886"
活醉蝦餐廳,https://www.google.com.tw/maps/place/%E6%B4%BB%E9%86%89%E8%9D%A6%E9%A4%90%E5%BB%B3/data=!4m6!3m5!1s0x3442aba6d04e5c5d:0xa961fbe782ce0cca!8m2!3d25.0382509!4d121.579222!16s%2Fg%2F1tgn2f94?authuser=0&hl=zh-TW&rclk=1,4.1,281
Orchid Restaurant 蘭,https://www.google.com.tw/maps/place/Orchid+Restaurant+%E8%98%AD/data=!4m6!3m5!1s0x3442abccc5140f6b:0x764247a61d671fa9!8m2!3d25.0300871!4d121.5521719!16s%2Fg%2F11c51cdfhh?authuser=0&hl=zh-TW&rclk=1,4.4,"1,115"
麥當勞-新光信義店,https://www.google.com.tw/maps/place/%E9%BA%A5%E7%95%B6%E5%8B%9E-%E6%96%B0%E5%85%89%E4%BF%A1%E7%BE%A9%E5%BA%97/data=!4m6!3m5!1s0x3442abba35ad0ac5:0x2f91606cfa7bcf6e!8m2!3d25.0380379!4d121.5666758!16s%2Fg%2F1pzv3kc9x?authuser=0&hl=zh-TW&rclk=1,2.9,187
皇泰泰 泰式船麵,https://www.google.com.tw/maps/place/%E7%9A%87%E6%B3%B0%E6%B3%B0+%E6%B3%B0%E5%BC%8F%E8%88%B9%E9%BA%B5/data=!4m6!3m5!1s0x3442ab8d2238fa39:0x4bd8c558b906128d!8m2!3d25.0422681!4d121.5683597!16s%2Fg%2F11rv3vy4g7?authuser=0&hl=zh-TW&rclk=1,4.8,39
純淨廚房,https://www.google.com.tw/maps/place/%E7%B4%94%E6%B7%A8%E5%BB%9A%E6%88%BF/data=!4m6!3m5!1s0x3442abcafad13b99:0x7529713b8dfaaa57!8m2!3d23.4857501!4d120.0843006!16s%2Fg%2F11b6g46cts?authuser=0&hl=zh-TW&rclk=1,4.2,310
蘇阿姨比薩屋,https://www.google.com.tw/maps/place/%E8%98%87%E9%98%BF%E5%A7%A8%E6%AF%94%E8%96%A9%E5%B1%8B/data=!4m6!3m5!1s0x3442abc7d162c2b9:0x4fd9d539b2ed4916!8m2!3d25.0391419!4d121.5574355!16s%2Fg%2F11bttbxgr0?authuser=0&hl=zh-TW&rclk=1,4.1,"7,861"
樂軒和牛專門店,https://www.google.com.tw/maps/place/%E6%A8%82%E8%BB%92%E5%92%8C%E7%89%9B%E5%B0%88%E9%96%80%E5%BA%97/data=!4m6!3m5!1s0x3442abd02ee26d6d:0xa56c5cdee2a2b00f!8m2!3d25.0386596!4d121.5476777!16s%2Fg%2F11c20clfsh?authuser=0&hl=zh-TW&rclk=1,4.7,"2,482"
香宮 Shang Palace - 台北遠東香格里拉,https://www.google.com.tw/maps/place/%E9%A6%99%E5%AE%AE+Shang+Palace+-+%E5%8F%B0%E5%8C%97%E9%81%A0%E6%9D%B1%E9%A6%99%E6%A0%BC%E9%87%8C%E6%8B%89/data=!4m6!3m5!1s0x3442aa2eaaaaaaab:0xb8495ae28d56bcb7!8m2!3d25.026403!4d121.5494!16s%2Fg%2F1tf5y_cz?authuser=0&hl=zh-TW&rclk=1,4.3,"1,652"
囍聚精緻鍋物,https://www.google.com.tw/maps/place/%E5%9B%8D%E8%81%9A%E7%B2%BE%E7%B7%BB%E9%8D%8B%E7%89%A9/data=!4m6!3m5!1s0x3442abc0d5c0fd01:0xcfeb978e0a3990db!8m2!3d25.044234!4d121.557182!16s%2Fg%2F11cksfd4lv?authuser=0&hl=zh-TW&rclk=1,4.4,"1,475"
好米亞餐酒館,https://www.google.com.tw/maps/place/%E5%A5%BD%E7%B1%B3%E4%BA%9E%E9%A4%90%E9%85%92%E9%A4%A8/data=!4m6!3m5!1s0x3442abbc8d7d2d97:0xaa5c74446a7bdd04!8m2!3d25.0388512!4d121.5479078!16s%2Fg%2F1hc21j44g?authuser=0&hl=zh-TW&rclk=1,4.3,"2,343"
新光三越 台北信義新天地A8,https://www.google.com.tw/maps/place/%E6%96%B0%E5%85%89%E4%B8%89%E8%B6%8A+%E5%8F%B0%E5%8C%97%E4%BF%A1%E7%BE%A9%E6%96%B0%E5%A4%A9%E5%9C%B0A8/data=!4m6!3m5!1s0x3442abbbb609d58f:0xe2c9f37a7617f94a!8m2!3d25.0382454!4d121.5668708!16s%2Fg%2F11b6yllj7j?authuser=0&hl=zh-TW&rclk=1,4.3,"9,917"
TWG Tea Salon & Boutique,https://www.google.com.tw/maps/place/TWG+Tea+Salon+%26+Boutique/data=!4m6!3m5!1s0x3442abb7274fc43b:0xb25c9fb1f41b92b!8m2!3d25.0341222!4d121.5640212!16s%2Fg%2F11b6dqh1ms?authuser=0&hl=zh-TW&rclk=1,4.0,598
新光三越 台北信義新天地A9,https://www.google.com.tw/maps/place/%E6%96%B0%E5%85%89%E4%B8%89%E8%B6%8A+%E5%8F%B0%E5%8C%97%E4%BF%A1%E7%BE%A9%E6%96%B0%E5%A4%A9%E5%9C%B0A9/data=!4m6!3m5!1s0x3442abba0bb02553:0x5848fb582c35b88f!8m2!3d25.0366706!4d121.5667018!16s%2Fg%2F11cn9gf8qx?authuser=0&hl=zh-TW&rclk=1,4.3,"5,620"
品湯。白色麻辣鍋專賣店,https://www.google.com.tw/maps/place/%E5%93%81%E6%B9%AF%E3%80%82%E7%99%BD%E8%89%B2%E9%BA%BB%E8%BE%A3%E9%8D%8B%E5%B0%88%E8%B3%A3%E5%BA%97/data=!4m6!3m5!1s0x3442abcc87c2e409:0xf60a48118c83f4f3!8m2!3d25.0316524!4d121.5536102!16s%2Fg%2F11c5rpzb11?authuser=0&hl=zh-TW&rclk=1,4.2,887
老上海包子 信義區虎林街包子/美食,https://www.google.com.tw/maps/place/%E8%80%81%E4%B8%8A%E6%B5%B7%E5%8C%85%E5%AD%90+%E4%BF%A1%E7%BE%A9%E5%8D%80%E8%99%8E%E6%9E%97%E8%A1%97%E5%8C%85%E5%AD%90%2F%E7%BE%8E%E9%A3%9F/data=!4m6!3m5!1s0x3442abe1f9f86001:0x3d43561b54df7e23!8m2!3d25.0424323!4d121.5766618!16s%2Fg%2F11f6ywtmm6?authuser=0&hl=zh-TW&rclk=1,4.4,193
Lady M 遠百信義店,https://www.google.com.tw/maps/place/Lady+M+%E9%81%A0%E7%99%BE%E4%BF%A1%E7%BE%A9%E5%BA%97/data=!4m6!3m5!1s0x3442ab4fc0d81441:0xfc5408a4bf6cbb2e!8m2!3d25.0368737!4d121.5679503!16s%2Fg%2F11ft5k32cw?authuser=0&hl=zh-TW&rclk=1,4.0,708
Le Blanc,https://www.google.com.tw/maps/place/Le+Blanc/data=!4m6!3m5!1s0x3442abd187b1a7d5:0x847e9fe4e777d905!8m2!3d25.0361914!4d121.5461664!16s%2Fg%2F11cjg4fpzl?authuser=0&hl=zh-TW&rclk=1,4.4,"2,699"
LeTAO小樽洋菓子舖 松菸店,https://www.google.com.tw/maps/place/LeTAO%E5%B0%8F%E6%A8%BD%E6%B4%8B%E8%8F%93%E5%AD%90%E8%88%96+%E6%9D%BE%E8%8F%B8%E5%BA%97/data=!4m6!3m5!1s0x3442abbedec4bc8d:0x3580c338232f346c!8m2!3d25.043671!4d121.562916!16s%2Fg%2F11b7l5j5sx?authuser=0&hl=zh-TW&rclk=1,4.1,"1,256"
Toh-A 桌藏餐廳,https://www.google.com.tw/maps/place/Toh-A+%E6%A1%8C%E8%97%8F%E9%A4%90%E5%BB%B3/data=!4m6!3m5!1s0x3442aa288c2ef325:0x35748fa78d8f21cf!8m2!3d25.0224298!4d121.540362!16s%2Fg%2F11cjkq32ld?authuser=0&hl=zh-TW&rclk=1,4.4,950
紅九九個人麻辣鴛鴦鍋,https://www.google.com.tw/maps/place/%E7%B4%85%E4%B9%9D%E4%B9%9D%E5%80%8B%E4%BA%BA%E9%BA%BB%E8%BE%A3%E9%B4%9B%E9%B4%A6%E9%8D%8B/data=!4m6!3m5!1s0x3442abf7c5764b9b:0x6e1ac01440cd5799!8m2!3d25.0521097!4d121.5563655!16s%2Fg%2F11f66h32mp?authuser=0&hl=zh-TW&rclk=1,4.7,"1,418"
台北寒舍艾美酒店,https://www.google.com.tw/maps/place/%E5%8F%B0%E5%8C%97%E5%AF%92%E8%88%8D%E8%89%BE%E7%BE%8E%E9%85%92%E5%BA%97/data=!4m6!3m5!1s0x3442abba50d70b7b:0x313d65ce289c8267!8m2!3d25.0382!4d121.567965!16s%2Fg%2F12mkyl3mw?authuser=0&hl=zh-TW&rclk=1,4.3,"7,665"
WOOBAR,https://www.google.com.tw/maps/place/WOOBAR/data=!4m6!3m5!1s0x3442abb95768ddc1:0xc1aa2c9cc269375a!8m2!3d25.040568!4d121.5657577!16s%2Fg%2F1tg4j22f?authuser=0&hl=zh-TW&rclk=1,4.2,601
上海醉月樓,https://www.google.com.tw/maps/place/%E4%B8%8A%E6%B5%B7%E9%86%89%E6%9C%88%E6%A8%93/data=!4m6!3m5!1s0x3442aa32657dac5d:0xcbaa0c068253de21!8m2!3d25.0264311!4d121.5493234!16s%2Fg%2F1td15jjz?authuser=0&hl=zh-TW&rclk=1,4.4,666
八色烤肉,https://www.google.com.tw/maps/place/%E5%85%AB%E8%89%B2%E7%83%A4%E8%82%89/data=!4m6!3m5!1s0x3442abc5cd173c95:0x32872e98940190b2!8m2!3d25.0421552!4d121.5532647!16s%2Fg%2F11bvcv8n4g?authuser=0&hl=zh-TW&rclk=1,4.0,"3,110"
巴雷巴雷印度餐廳,https://www.google.com.tw/maps/place/%E5%B7%B4%E9%9B%B7%E5%B7%B4%E9%9B%B7%E5%8D%B0%E5%BA%A6%E9%A4%90%E5%BB%B3/data=!4m6!3m5!1s0x3442abc02f6fed27:0xbfc4969ffc8be3e7!8m2!3d25.0486993!4d121.5576634!16s%2Fg%2F1hm4zqsrv?authuser=0&hl=zh-TW&rclk=1,4.8,"5,957"
三明治 Liquid Bread Company,https://www.google.com.tw/maps/place/%E4%B8%89%E6%98%8E%E6%B2%BB+Liquid+Bread+Company/data=!4m6!3m5!1s0x3442abc97f34fe9f:0x11ac2d502f3d61a0!8m2!3d25.0337323!4d121.556862!16s%2Fg%2F11fxw9y0cz?authuser=0&hl=zh-TW&rclk=1,4.2,819
欣葉日本料理 健康店,https://www.google.com.tw/maps/place/%E6%AC%A3%E8%91%89%E6%97%A5%E6%9C%AC%E6%96%99%E7%90%86+%E5%81%A5%E5%BA%B7%E5%BA%97/data=!4m6!3m5!1s0x3442abeb768111f5:0x2cf58554d37a44bf!8m2!3d25.0533781!4d121.5574234!16s%2Fg%2F1pzt2vhns?authuser=0&hl=zh-TW&rclk=1,4.1,"6,963"
M One Cafe 大安館,https://www.google.com.tw/maps/place/M+One+Cafe+%E5%A4%A7%E5%AE%89%E9%A4%A8/data=!4m6!3m5!1s0x3442abd0fd56f535:0x9d41241a8bfd083!8m2!3d25.0388726!4d121.5450851!16s%2Fg%2F11gz9vdh3?authuser=0&hl=zh-TW&rclk=1,4.3,"2,335"
佐料咖啡,https://www.google.com.tw/maps/place/%E4%BD%90%E6%96%99%E5%92%96%E5%95%A1/data=!4m6!3m5!1s0x3442abbcc436817f:0x5ad9fef63d5a6ca7!8m2!3d25.0425849!4d121.5703462!16s%2Fg%2F11hbn3nc18?authuser=0&hl=zh-TW&rclk=1,4.9,280
Le Boulanger de monge@taiwan,https://www.google.com.tw/maps/place/Le+Boulanger+de+monge@taiwan/data=!4m6!3m5!1s0x3442ab22b147f101:0xcbdea3b60d5fd040!8m2!3d25.0343073!4d121.5659555!16s%2Fg%2F11mr92r6fs?authuser=0&hl=zh-TW&rclk=1,4.4,91
啜飲室 Landmark (Craft Beer Taproom 精釀啤酒專賣店),https://www.google.com.tw/maps/place/%E5%95%9C%E9%A3%B2%E5%AE%A4+Landmark+(Craft+Beer+Taproom+%E7%B2%BE%E9%87%80%E5%95%A4%E9%85%92%E5%B0%88%E8%B3%A3%E5%BA%97)/data=!4m6!3m5!1s0x3442abbbc0632e07:0x5836c1f514fd0ff4!8m2!3d25.040247!4d121.566773!16s%2Fg%2F11cm05ybr4?authuser=0&hl=zh-TW&rclk=1,4.5,"1,074"
Meecha Meecha,https://www.google.com.tw/maps/place/Meecha+Meecha/data=!4m6!3m5!1s0x3442abc45f783f8b:0x69dbdf82394c8907!8m2!3d25.0322769!4d121.5587617!16s%2Fg%2F11r3l_3d9s?authuser=0&hl=zh-TW&rclk=1,4.7,49
